"","Provincias","Tipo.de.disolución.matrimonial","Periodo","Total"
"1","Total Nacional","Total",2020,80015
"2","Total Nacional","Total",2019,95320
"3","Total Nacional","Total",2018,99444
"4","Total Nacional","Total",2017,102341
"5","Total Nacional","Total",2016,101294
"6","Total Nacional","Total",2015,101357
"7","Total Nacional","Total",2014,105893
"8","Total Nacional","Total",2013,100437
"9","Total Nacional","Nulidades",2020,40
"10","Total Nacional","Nulidades",2019,75
"11","Total Nacional","Nulidades",2018,92
"12","Total Nacional","Nulidades",2017,100
"13","Total Nacional","Nulidades",2016,117
"14","Total Nacional","Nulidades",2015,144
"15","Total Nacional","Nulidades",2014,113
"16","Total Nacional","Nulidades",2013,110
"17","Total Nacional","Separaciones",2020,2775
"18","Total Nacional","Separaciones",2019,3599
"19","Total Nacional","Separaciones",2018,4098
"20","Total Nacional","Separaciones",2017,4280
"21","Total Nacional","Separaciones",2016,4353
"22","Total Nacional","Separaciones",2015,4652
"23","Total Nacional","Separaciones",2014,5034
"24","Total Nacional","Separaciones",2013,4900
"25","Total Nacional","Divorcios",2020,77200
"26","Total Nacional","Divorcios",2019,91645
"27","Total Nacional","Divorcios",2018,95254
"28","Total Nacional","Divorcios",2017,97960
"29","Total Nacional","Divorcios",2016,96824
"30","Total Nacional","Divorcios",2015,96562
"31","Total Nacional","Divorcios",2014,100746
"32","Total Nacional","Divorcios",2013,95427
"33","02 Albacete","Total",2020,398
"34","02 Albacete","Total",2019,605
"35","02 Albacete","Total",2018,664
"36","02 Albacete","Total",2017,760
"37","02 Albacete","Total",2016,754
"38","02 Albacete","Total",2015,860
"39","02 Albacete","Total",2014,681
"40","02 Albacete","Total",2013,685
"41","02 Albacete","Nulidades",2020,0
"42","02 Albacete","Nulidades",2019,1
"43","02 Albacete","Nulidades",2018,0
"44","02 Albacete","Nulidades",2017,0
"45","02 Albacete","Nulidades",2016,0
"46","02 Albacete","Nulidades",2015,7
"47","02 Albacete","Nulidades",2014,2
"48","02 Albacete","Nulidades",2013,3
"49","02 Albacete","Separaciones",2020,12
"50","02 Albacete","Separaciones",2019,29
"51","02 Albacete","Separaciones",2018,25
"52","02 Albacete","Separaciones",2017,36
"53","02 Albacete","Separaciones",2016,27
"54","02 Albacete","Separaciones",2015,46
"55","02 Albacete","Separaciones",2014,34
"56","02 Albacete","Separaciones",2013,35
"57","02 Albacete","Divorcios",2020,386
"58","02 Albacete","Divorcios",2019,575
"59","02 Albacete","Divorcios",2018,639
"60","02 Albacete","Divorcios",2017,724
"61","02 Albacete","Divorcios",2016,727
"62","02 Albacete","Divorcios",2015,806
"63","02 Albacete","Divorcios",2014,645
"64","02 Albacete","Divorcios",2013,647
"65","03 Alicante/Alacant","Total",2020,3346
"66","03 Alicante/Alacant","Total",2019,3707
"67","03 Alicante/Alacant","Total",2018,3973
"68","03 Alicante/Alacant","Total",2017,4046
"69","03 Alicante/Alacant","Total",2016,4262
"70","03 Alicante/Alacant","Total",2015,3913
"71","03 Alicante/Alacant","Total",2014,4242
"72","03 Alicante/Alacant","Total",2013,3834
"73","03 Alicante/Alacant","Nulidades",2020,2
"74","03 Alicante/Alacant","Nulidades",2019,0
"75","03 Alicante/Alacant","Nulidades",2018,7
"76","03 Alicante/Alacant","Nulidades",2017,5
"77","03 Alicante/Alacant","Nulidades",2016,3
"78","03 Alicante/Alacant","Nulidades",2015,2
"79","03 Alicante/Alacant","Nulidades",2014,2
"80","03 Alicante/Alacant","Nulidades",2013,3
"81","03 Alicante/Alacant","Separaciones",2020,139
"82","03 Alicante/Alacant","Separaciones",2019,120
"83","03 Alicante/Alacant","Separaciones",2018,197
"84","03 Alicante/Alacant","Separaciones",2017,164
"85","03 Alicante/Alacant","Separaciones",2016,182
"86","03 Alicante/Alacant","Separaciones",2015,168
"87","03 Alicante/Alacant","Separaciones",2014,171
"88","03 Alicante/Alacant","Separaciones",2013,170
"89","03 Alicante/Alacant","Divorcios",2020,3205
"90","03 Alicante/Alacant","Divorcios",2019,3587
"91","03 Alicante/Alacant","Divorcios",2018,3769
"92","03 Alicante/Alacant","Divorcios",2017,3878
"93","03 Alicante/Alacant","Divorcios",2016,4076
"94","03 Alicante/Alacant","Divorcios",2015,3743
"95","03 Alicante/Alacant","Divorcios",2014,4069
"96","03 Alicante/Alacant","Divorcios",2013,3661
"97","04 Almería","Total",2020,1322
"98","04 Almería","Total",2019,1721
"99","04 Almería","Total",2018,1485
"100","04 Almería","Total",2017,1491
"101","04 Almería","Total",2016,1470
"102","04 Almería","Total",2015,1458
"103","04 Almería","Total",2014,1373
"104","04 Almería","Total",2013,1331
"105","04 Almería","Nulidades",2020,2
"106","04 Almería","Nulidades",2019,0
"107","04 Almería","Nulidades",2018,2
"108","04 Almería","Nulidades",2017,2
"109","04 Almería","Nulidades",2016,1
"110","04 Almería","Nulidades",2015,3
"111","04 Almería","Nulidades",2014,0
"112","04 Almería","Nulidades",2013,0
"113","04 Almería","Separaciones",2020,32
"114","04 Almería","Separaciones",2019,37
"115","04 Almería","Separaciones",2018,27
"116","04 Almería","Separaciones",2017,35
"117","04 Almería","Separaciones",2016,43
"118","04 Almería","Separaciones",2015,56
"119","04 Almería","Separaciones",2014,58
"120","04 Almería","Separaciones",2013,64
"121","04 Almería","Divorcios",2020,1288
"122","04 Almería","Divorcios",2019,1684
"123","04 Almería","Divorcios",2018,1456
"124","04 Almería","Divorcios",2017,1455
"125","04 Almería","Divorcios",2016,1426
"126","04 Almería","Divorcios",2015,1399
"127","04 Almería","Divorcios",2014,1316
"128","04 Almería","Divorcios",2013,1267
"129","01 Araba/Álava","Total",2020,465
"130","01 Araba/Álava","Total",2019,520
"131","01 Araba/Álava","Total",2018,547
"132","01 Araba/Álava","Total",2017,587
"133","01 Araba/Álava","Total",2016,678
"134","01 Araba/Álava","Total",2015,565
"135","01 Araba/Álava","Total",2014,607
"136","01 Araba/Álava","Total",2013,585
"137","01 Araba/Álava","Nulidades",2020,0
"138","01 Araba/Álava","Nulidades",2019,0
"139","01 Araba/Álava","Nulidades",2018,0
"140","01 Araba/Álava","Nulidades",2017,0
"141","01 Araba/Álava","Nulidades",2016,0
"142","01 Araba/Álava","Nulidades",2015,0
"143","01 Araba/Álava","Nulidades",2014,0
"144","01 Araba/Álava","Nulidades",2013,0
"145","01 Araba/Álava","Separaciones",2020,10
"146","01 Araba/Álava","Separaciones",2019,11
"147","01 Araba/Álava","Separaciones",2018,25
"148","01 Araba/Álava","Separaciones",2017,24
"149","01 Araba/Álava","Separaciones",2016,23
"150","01 Araba/Álava","Separaciones",2015,27
"151","01 Araba/Álava","Separaciones",2014,40
"152","01 Araba/Álava","Separaciones",2013,27
"153","01 Araba/Álava","Divorcios",2020,455
"154","01 Araba/Álava","Divorcios",2019,509
"155","01 Araba/Álava","Divorcios",2018,522
"156","01 Araba/Álava","Divorcios",2017,563
"157","01 Araba/Álava","Divorcios",2016,655
"158","01 Araba/Álava","Divorcios",2015,539
"159","01 Araba/Álava","Divorcios",2014,567
"160","01 Araba/Álava","Divorcios",2013,558
"161","33 Asturias","Total",2020,1784
"162","33 Asturias","Total",2019,2182
"163","33 Asturias","Total",2018,2186
"164","33 Asturias","Total",2017,2363
"165","33 Asturias","Total",2016,2408
"166","33 Asturias","Total",2015,2389
"167","33 Asturias","Total",2014,2607
"168","33 Asturias","Total",2013,2361
"169","33 Asturias","Nulidades",2020,1
"170","33 Asturias","Nulidades",2019,0
"171","33 Asturias","Nulidades",2018,1
"172","33 Asturias","Nulidades",2017,3
"173","33 Asturias","Nulidades",2016,3
"174","33 Asturias","Nulidades",2015,0
"175","33 Asturias","Nulidades",2014,1
"176","33 Asturias","Nulidades",2013,1
"177","33 Asturias","Separaciones",2020,86
"178","33 Asturias","Separaciones",2019,87
"179","33 Asturias","Separaciones",2018,107
"180","33 Asturias","Separaciones",2017,109
"181","33 Asturias","Separaciones",2016,140
"182","33 Asturias","Separaciones",2015,125
"183","33 Asturias","Separaciones",2014,149
"184","33 Asturias","Separaciones",2013,132
"185","33 Asturias","Divorcios",2020,1696
"186","33 Asturias","Divorcios",2019,2095
"187","33 Asturias","Divorcios",2018,2078
"188","33 Asturias","Divorcios",2017,2252
"189","33 Asturias","Divorcios",2016,2265
"190","33 Asturias","Divorcios",2015,2264
"191","33 Asturias","Divorcios",2014,2456
"192","33 Asturias","Divorcios",2013,2227
"193","05 Ávila","Total",2020,154
"194","05 Ávila","Total",2019,227
"195","05 Ávila","Total",2018,243
"196","05 Ávila","Total",2017,241
"197","05 Ávila","Total",2016,222
"198","05 Ávila","Total",2015,182
"199","05 Ávila","Total",2014,218
"200","05 Ávila","Total",2013,217
"201","05 Ávila","Nulidades",2020,0
"202","05 Ávila","Nulidades",2019,1
"203","05 Ávila","Nulidades",2018,0
"204","05 Ávila","Nulidades",2017,3
"205","05 Ávila","Nulidades",2016,0
"206","05 Ávila","Nulidades",2015,0
"207","05 Ávila","Nulidades",2014,0
"208","05 Ávila","Nulidades",2013,0
"209","05 Ávila","Separaciones",2020,2
"210","05 Ávila","Separaciones",2019,5
"211","05 Ávila","Separaciones",2018,2
"212","05 Ávila","Separaciones",2017,9
"213","05 Ávila","Separaciones",2016,6
"214","05 Ávila","Separaciones",2015,10
"215","05 Ávila","Separaciones",2014,6
"216","05 Ávila","Separaciones",2013,6
"217","05 Ávila","Divorcios",2020,152
"218","05 Ávila","Divorcios",2019,220
"219","05 Ávila","Divorcios",2018,240
"220","05 Ávila","Divorcios",2017,229
"221","05 Ávila","Divorcios",2016,216
"222","05 Ávila","Divorcios",2015,173
"223","05 Ávila","Divorcios",2014,212
"224","05 Ávila","Divorcios",2013,210
"225","06 Badajoz","Total",2020,1022
"226","06 Badajoz","Total",2019,1230
"227","06 Badajoz","Total",2018,1216
"228","06 Badajoz","Total",2017,1221
"229","06 Badajoz","Total",2016,1208
"230","06 Badajoz","Total",2015,1271
"231","06 Badajoz","Total",2014,1304
"232","06 Badajoz","Total",2013,1050
"233","06 Badajoz","Nulidades",2020,0
"234","06 Badajoz","Nulidades",2019,1
"235","06 Badajoz","Nulidades",2018,0
"236","06 Badajoz","Nulidades",2017,2
"237","06 Badajoz","Nulidades",2016,1
"238","06 Badajoz","Nulidades",2015,1
"239","06 Badajoz","Nulidades",2014,0
"240","06 Badajoz","Nulidades",2013,0
"241","06 Badajoz","Separaciones",2020,61
"242","06 Badajoz","Separaciones",2019,67
"243","06 Badajoz","Separaciones",2018,102
"244","06 Badajoz","Separaciones",2017,68
"245","06 Badajoz","Separaciones",2016,64
"246","06 Badajoz","Separaciones",2015,82
"247","06 Badajoz","Separaciones",2014,84
"248","06 Badajoz","Separaciones",2013,73
"249","06 Badajoz","Divorcios",2020,960
"250","06 Badajoz","Divorcios",2019,1162
"251","06 Badajoz","Divorcios",2018,1114
"252","06 Badajoz","Divorcios",2017,1151
"253","06 Badajoz","Divorcios",2016,1143
"254","06 Badajoz","Divorcios",2015,1188
"255","06 Badajoz","Divorcios",2014,1220
"256","06 Badajoz","Divorcios",2013,977
"257","07 Balears, Illes","Total",2020,2248
"258","07 Balears, Illes","Total",2019,2523
"259","07 Balears, Illes","Total",2018,2596
"260","07 Balears, Illes","Total",2017,2694
"261","07 Balears, Illes","Total",2016,2539
"262","07 Balears, Illes","Total",2015,2503
"263","07 Balears, Illes","Total",2014,2510
"264","07 Balears, Illes","Total",2013,2500
"265","07 Balears, Illes","Nulidades",2020,0
"266","07 Balears, Illes","Nulidades",2019,0
"267","07 Balears, Illes","Nulidades",2018,4
"268","07 Balears, Illes","Nulidades",2017,0
"269","07 Balears, Illes","Nulidades",2016,2
"270","07 Balears, Illes","Nulidades",2015,2
"271","07 Balears, Illes","Nulidades",2014,2
"272","07 Balears, Illes","Nulidades",2013,3
"273","07 Balears, Illes","Separaciones",2020,99
"274","07 Balears, Illes","Separaciones",2019,76
"275","07 Balears, Illes","Separaciones",2018,94
"276","07 Balears, Illes","Separaciones",2017,146
"277","07 Balears, Illes","Separaciones",2016,154
"278","07 Balears, Illes","Separaciones",2015,78
"279","07 Balears, Illes","Separaciones",2014,117
"280","07 Balears, Illes","Separaciones",2013,107
"281","07 Balears, Illes","Divorcios",2020,2149
"282","07 Balears, Illes","Divorcios",2019,2447
"283","07 Balears, Illes","Divorcios",2018,2498
"284","07 Balears, Illes","Divorcios",2017,2548
"285","07 Balears, Illes","Divorcios",2016,2383
"286","07 Balears, Illes","Divorcios",2015,2423
"287","07 Balears, Illes","Divorcios",2014,2391
"288","07 Balears, Illes","Divorcios",2013,2389
"289","08 Barcelona","Total",2020,10388
"290","08 Barcelona","Total",2019,13016
"291","08 Barcelona","Total",2018,13423
"292","08 Barcelona","Total",2017,13597
"293","08 Barcelona","Total",2016,14016
"294","08 Barcelona","Total",2015,14236
"295","08 Barcelona","Total",2014,14497
"296","08 Barcelona","Total",2013,13847
"297","08 Barcelona","Nulidades",2020,8
"298","08 Barcelona","Nulidades",2019,22
"299","08 Barcelona","Nulidades",2018,22
"300","08 Barcelona","Nulidades",2017,26
"301","08 Barcelona","Nulidades",2016,62
"302","08 Barcelona","Nulidades",2015,49
"303","08 Barcelona","Nulidades",2014,18
"304","08 Barcelona","Nulidades",2013,8
"305","08 Barcelona","Separaciones",2020,303
"306","08 Barcelona","Separaciones",2019,420
"307","08 Barcelona","Separaciones",2018,487
"308","08 Barcelona","Separaciones",2017,508
"309","08 Barcelona","Separaciones",2016,469
"310","08 Barcelona","Separaciones",2015,577
"311","08 Barcelona","Separaciones",2014,662
"312","08 Barcelona","Separaciones",2013,635
"313","08 Barcelona","Divorcios",2020,10077
"314","08 Barcelona","Divorcios",2019,12573
"315","08 Barcelona","Divorcios",2018,12914
"316","08 Barcelona","Divorcios",2017,13063
"317","08 Barcelona","Divorcios",2016,13485
"318","08 Barcelona","Divorcios",2015,13610
"319","08 Barcelona","Divorcios",2014,13818
"320","08 Barcelona","Divorcios",2013,13204
"321","48 Bizkaia","Total",2020,2003
"322","48 Bizkaia","Total",2019,2542
"323","48 Bizkaia","Total",2018,2245
"324","48 Bizkaia","Total",2017,2226
"325","48 Bizkaia","Total",2016,2133
"326","48 Bizkaia","Total",2015,2164
"327","48 Bizkaia","Total",2014,2133
"328","48 Bizkaia","Total",2013,1971
"329","48 Bizkaia","Nulidades",2020,0
"330","48 Bizkaia","Nulidades",2019,3
"331","48 Bizkaia","Nulidades",2018,3
"332","48 Bizkaia","Nulidades",2017,1
"333","48 Bizkaia","Nulidades",2016,0
"334","48 Bizkaia","Nulidades",2015,3
"335","48 Bizkaia","Nulidades",2014,5
"336","48 Bizkaia","Nulidades",2013,1
"337","48 Bizkaia","Separaciones",2020,63
"338","48 Bizkaia","Separaciones",2019,113
"339","48 Bizkaia","Separaciones",2018,77
"340","48 Bizkaia","Separaciones",2017,78
"341","48 Bizkaia","Separaciones",2016,82
"342","48 Bizkaia","Separaciones",2015,90
"343","48 Bizkaia","Separaciones",2014,115
"344","48 Bizkaia","Separaciones",2013,98
"345","48 Bizkaia","Divorcios",2020,1940
"346","48 Bizkaia","Divorcios",2019,2425
"347","48 Bizkaia","Divorcios",2018,2165
"348","48 Bizkaia","Divorcios",2017,2146
"349","48 Bizkaia","Divorcios",2016,2050
"350","48 Bizkaia","Divorcios",2015,2071
"351","48 Bizkaia","Divorcios",2014,2013
"352","48 Bizkaia","Divorcios",2013,1872
"353","09 Burgos","Total",2020,437
"354","09 Burgos","Total",2019,470
"355","09 Burgos","Total",2018,568
"356","09 Burgos","Total",2017,580
"357","09 Burgos","Total",2016,564
"358","09 Burgos","Total",2015,628
"359","09 Burgos","Total",2014,626
"360","09 Burgos","Total",2013,555
"361","09 Burgos","Nulidades",2020,0
"362","09 Burgos","Nulidades",2019,0
"363","09 Burgos","Nulidades",2018,0
"364","09 Burgos","Nulidades",2017,1
"365","09 Burgos","Nulidades",2016,0
"366","09 Burgos","Nulidades",2015,0
"367","09 Burgos","Nulidades",2014,0
"368","09 Burgos","Nulidades",2013,0
"369","09 Burgos","Separaciones",2020,17
"370","09 Burgos","Separaciones",2019,9
"371","09 Burgos","Separaciones",2018,20
"372","09 Burgos","Separaciones",2017,31
"373","09 Burgos","Separaciones",2016,28
"374","09 Burgos","Separaciones",2015,28
"375","09 Burgos","Separaciones",2014,38
"376","09 Burgos","Separaciones",2013,28
"377","09 Burgos","Divorcios",2020,420
"378","09 Burgos","Divorcios",2019,461
"379","09 Burgos","Divorcios",2018,548
"380","09 Burgos","Divorcios",2017,548
"381","09 Burgos","Divorcios",2016,537
"382","09 Burgos","Divorcios",2015,600
"383","09 Burgos","Divorcios",2014,588
"384","09 Burgos","Divorcios",2013,527
"385","10 Cáceres","Total",2020,515
"386","10 Cáceres","Total",2019,626
"387","10 Cáceres","Total",2018,716
"388","10 Cáceres","Total",2017,719
"389","10 Cáceres","Total",2016,683
"390","10 Cáceres","Total",2015,707
"391","10 Cáceres","Total",2014,694
"392","10 Cáceres","Total",2013,523
"393","10 Cáceres","Nulidades",2020,0
"394","10 Cáceres","Nulidades",2019,0
"395","10 Cáceres","Nulidades",2018,0
"396","10 Cáceres","Nulidades",2017,0
"397","10 Cáceres","Nulidades",2016,0
"398","10 Cáceres","Nulidades",2015,1
"399","10 Cáceres","Nulidades",2014,0
"400","10 Cáceres","Nulidades",2013,0
"401","10 Cáceres","Separaciones",2020,37
"402","10 Cáceres","Separaciones",2019,32
"403","10 Cáceres","Separaciones",2018,35
"404","10 Cáceres","Separaciones",2017,46
"405","10 Cáceres","Separaciones",2016,39
"406","10 Cáceres","Separaciones",2015,48
"407","10 Cáceres","Separaciones",2014,47
"408","10 Cáceres","Separaciones",2013,36
"409","10 Cáceres","Divorcios",2020,478
"410","10 Cáceres","Divorcios",2019,593
"411","10 Cáceres","Divorcios",2018,681
"412","10 Cáceres","Divorcios",2017,673
"413","10 Cáceres","Divorcios",2016,644
"414","10 Cáceres","Divorcios",2015,658
"415","10 Cáceres","Divorcios",2014,647
"416","10 Cáceres","Divorcios",2013,488
"417","11 Cádiz","Total",2020,2048
"418","11 Cádiz","Total",2019,2474
"419","11 Cádiz","Total",2018,2631
"420","11 Cádiz","Total",2017,2569
"421","11 Cádiz","Total",2016,2415
"422","11 Cádiz","Total",2015,2494
"423","11 Cádiz","Total",2014,2657
"424","11 Cádiz","Total",2013,2523
"425","11 Cádiz","Nulidades",2020,0
"426","11 Cádiz","Nulidades",2019,7
"427","11 Cádiz","Nulidades",2018,9
"428","11 Cádiz","Nulidades",2017,0
"429","11 Cádiz","Nulidades",2016,0
"430","11 Cádiz","Nulidades",2015,5
"431","11 Cádiz","Nulidades",2014,9
"432","11 Cádiz","Nulidades",2013,3
"433","11 Cádiz","Separaciones",2020,91
"434","11 Cádiz","Separaciones",2019,117
"435","11 Cádiz","Separaciones",2018,132
"436","11 Cádiz","Separaciones",2017,163
"437","11 Cádiz","Separaciones",2016,139
"438","11 Cádiz","Separaciones",2015,134
"439","11 Cádiz","Separaciones",2014,162
"440","11 Cádiz","Separaciones",2013,161
"441","11 Cádiz","Divorcios",2020,1956
"442","11 Cádiz","Divorcios",2019,2350
"443","11 Cádiz","Divorcios",2018,2490
"444","11 Cádiz","Divorcios",2017,2406
"445","11 Cádiz","Divorcios",2016,2276
"446","11 Cádiz","Divorcios",2015,2356
"447","11 Cádiz","Divorcios",2014,2486
"448","11 Cádiz","Divorcios",2013,2359
"449","39 Cantabria","Total",2020,1027
"450","39 Cantabria","Total",2019,1239
"451","39 Cantabria","Total",2018,1236
"452","39 Cantabria","Total",2017,1344
"453","39 Cantabria","Total",2016,1231
"454","39 Cantabria","Total",2015,1375
"455","39 Cantabria","Total",2014,1303
"456","39 Cantabria","Total",2013,1193
"457","39 Cantabria","Nulidades",2020,0
"458","39 Cantabria","Nulidades",2019,0
"459","39 Cantabria","Nulidades",2018,0
"460","39 Cantabria","Nulidades",2017,0
"461","39 Cantabria","Nulidades",2016,0
"462","39 Cantabria","Nulidades",2015,0
"463","39 Cantabria","Nulidades",2014,0
"464","39 Cantabria","Nulidades",2013,2
"465","39 Cantabria","Separaciones",2020,37
"466","39 Cantabria","Separaciones",2019,62
"467","39 Cantabria","Separaciones",2018,55
"468","39 Cantabria","Separaciones",2017,73
"469","39 Cantabria","Separaciones",2016,57
"470","39 Cantabria","Separaciones",2015,75
"471","39 Cantabria","Separaciones",2014,68
"472","39 Cantabria","Separaciones",2013,45
"473","39 Cantabria","Divorcios",2020,990
"474","39 Cantabria","Divorcios",2019,1178
"475","39 Cantabria","Divorcios",2018,1181
"476","39 Cantabria","Divorcios",2017,1271
"477","39 Cantabria","Divorcios",2016,1174
"478","39 Cantabria","Divorcios",2015,1300
"479","39 Cantabria","Divorcios",2014,1235
"480","39 Cantabria","Divorcios",2013,1145
"481","12 Castellón/Castelló","Total",2020,1124
"482","12 Castellón/Castelló","Total",2019,1353
"483","12 Castellón/Castelló","Total",2018,1423
"484","12 Castellón/Castelló","Total",2017,1211
"485","12 Castellón/Castelló","Total",2016,1456
"486","12 Castellón/Castelló","Total",2015,1138
"487","12 Castellón/Castelló","Total",2014,1324
"488","12 Castellón/Castelló","Total",2013,1170
"489","12 Castellón/Castelló","Nulidades",2020,0
"490","12 Castellón/Castelló","Nulidades",2019,0
"491","12 Castellón/Castelló","Nulidades",2018,0
"492","12 Castellón/Castelló","Nulidades",2017,2
"493","12 Castellón/Castelló","Nulidades",2016,1
"494","12 Castellón/Castelló","Nulidades",2015,0
"495","12 Castellón/Castelló","Nulidades",2014,0
"496","12 Castellón/Castelló","Nulidades",2013,1
"497","12 Castellón/Castelló","Separaciones",2020,24
"498","12 Castellón/Castelló","Separaciones",2019,48
"499","12 Castellón/Castelló","Separaciones",2018,55
"500","12 Castellón/Castelló","Separaciones",2017,51
"501","12 Castellón/Castelló","Separaciones",2016,53
"502","12 Castellón/Castelló","Separaciones",2015,54
"503","12 Castellón/Castelló","Separaciones",2014,55
"504","12 Castellón/Castelló","Separaciones",2013,72
"505","12 Castellón/Castelló","Divorcios",2020,1099
"506","12 Castellón/Castelló","Divorcios",2019,1306
"507","12 Castellón/Castelló","Divorcios",2018,1368
"508","12 Castellón/Castelló","Divorcios",2017,1159
"509","12 Castellón/Castelló","Divorcios",2016,1402
"510","12 Castellón/Castelló","Divorcios",2015,1084
"511","12 Castellón/Castelló","Divorcios",2014,1269
"512","12 Castellón/Castelló","Divorcios",2013,1097
"513","13 Ciudad Real","Total",2020,739
"514","13 Ciudad Real","Total",2019,881
"515","13 Ciudad Real","Total",2018,871
"516","13 Ciudad Real","Total",2017,960
"517","13 Ciudad Real","Total",2016,880
"518","13 Ciudad Real","Total",2015,987
"519","13 Ciudad Real","Total",2014,962
"520","13 Ciudad Real","Total",2013,948
"521","13 Ciudad Real","Nulidades",2020,0
"522","13 Ciudad Real","Nulidades",2019,0
"523","13 Ciudad Real","Nulidades",2018,0
"524","13 Ciudad Real","Nulidades",2017,0
"525","13 Ciudad Real","Nulidades",2016,0
"526","13 Ciudad Real","Nulidades",2015,2
"527","13 Ciudad Real","Nulidades",2014,0
"528","13 Ciudad Real","Nulidades",2013,0
"529","13 Ciudad Real","Separaciones",2020,28
"530","13 Ciudad Real","Separaciones",2019,54
"531","13 Ciudad Real","Separaciones",2018,55
"532","13 Ciudad Real","Separaciones",2017,68
"533","13 Ciudad Real","Separaciones",2016,67
"534","13 Ciudad Real","Separaciones",2015,68
"535","13 Ciudad Real","Separaciones",2014,81
"536","13 Ciudad Real","Separaciones",2013,65
"537","13 Ciudad Real","Divorcios",2020,711
"538","13 Ciudad Real","Divorcios",2019,827
"539","13 Ciudad Real","Divorcios",2018,816
"540","13 Ciudad Real","Divorcios",2017,892
"541","13 Ciudad Real","Divorcios",2016,814
"542","13 Ciudad Real","Divorcios",2015,918
"543","13 Ciudad Real","Divorcios",2014,881
"544","13 Ciudad Real","Divorcios",2013,882
"545","14 Córdoba","Total",2020,1351
"546","14 Córdoba","Total",2019,1441
"547","14 Córdoba","Total",2018,1502
"548","14 Córdoba","Total",2017,1520
"549","14 Córdoba","Total",2016,1590
"550","14 Córdoba","Total",2015,1739
"551","14 Córdoba","Total",2014,1825
"552","14 Córdoba","Total",2013,1552
"553","14 Córdoba","Nulidades",2020,0
"554","14 Córdoba","Nulidades",2019,0
"555","14 Córdoba","Nulidades",2018,1
"556","14 Córdoba","Nulidades",2017,2
"557","14 Córdoba","Nulidades",2016,1
"558","14 Córdoba","Nulidades",2015,0
"559","14 Córdoba","Nulidades",2014,0
"560","14 Córdoba","Nulidades",2013,1
"561","14 Córdoba","Separaciones",2020,55
"562","14 Córdoba","Separaciones",2019,72
"563","14 Córdoba","Separaciones",2018,95
"564","14 Córdoba","Separaciones",2017,93
"565","14 Córdoba","Separaciones",2016,115
"566","14 Córdoba","Separaciones",2015,117
"567","14 Córdoba","Separaciones",2014,113
"568","14 Córdoba","Separaciones",2013,98
"569","14 Córdoba","Divorcios",2020,1296
"570","14 Córdoba","Divorcios",2019,1369
"571","14 Córdoba","Divorcios",2018,1406
"572","14 Córdoba","Divorcios",2017,1426
"573","14 Córdoba","Divorcios",2016,1473
"574","14 Córdoba","Divorcios",2015,1622
"575","14 Córdoba","Divorcios",2014,1712
"576","14 Córdoba","Divorcios",2013,1453
"577","15 Coruña, A","Total",2020,1538
"578","15 Coruña, A","Total",2019,2050
"579","15 Coruña, A","Total",2018,2325
"580","15 Coruña, A","Total",2017,2412
"581","15 Coruña, A","Total",2016,2406
"582","15 Coruña, A","Total",2015,2418
"583","15 Coruña, A","Total",2014,2533
"584","15 Coruña, A","Total",2013,2430
"585","15 Coruña, A","Nulidades",2020,0
"586","15 Coruña, A","Nulidades",2019,0
"587","15 Coruña, A","Nulidades",2018,0
"588","15 Coruña, A","Nulidades",2017,0
"589","15 Coruña, A","Nulidades",2016,0
"590","15 Coruña, A","Nulidades",2015,2
"591","15 Coruña, A","Nulidades",2014,2
"592","15 Coruña, A","Nulidades",2013,5
"593","15 Coruña, A","Separaciones",2020,62
"594","15 Coruña, A","Separaciones",2019,66
"595","15 Coruña, A","Separaciones",2018,83
"596","15 Coruña, A","Separaciones",2017,76
"597","15 Coruña, A","Separaciones",2016,80
"598","15 Coruña, A","Separaciones",2015,92
"599","15 Coruña, A","Separaciones",2014,116
"600","15 Coruña, A","Separaciones",2013,105
"601","15 Coruña, A","Divorcios",2020,1476
"602","15 Coruña, A","Divorcios",2019,1984
"603","15 Coruña, A","Divorcios",2018,2242
"604","15 Coruña, A","Divorcios",2017,2336
"605","15 Coruña, A","Divorcios",2016,2326
"606","15 Coruña, A","Divorcios",2015,2324
"607","15 Coruña, A","Divorcios",2014,2416
"608","15 Coruña, A","Divorcios",2013,2320
"609","16 Cuenca","Total",2020,208
"610","16 Cuenca","Total",2019,273
"611","16 Cuenca","Total",2018,273
"612","16 Cuenca","Total",2017,274
"613","16 Cuenca","Total",2016,298
"614","16 Cuenca","Total",2015,376
"615","16 Cuenca","Total",2014,321
"616","16 Cuenca","Total",2013,364
"617","16 Cuenca","Nulidades",2020,0
"618","16 Cuenca","Nulidades",2019,0
"619","16 Cuenca","Nulidades",2018,0
"620","16 Cuenca","Nulidades",2017,0
"621","16 Cuenca","Nulidades",2016,0
"622","16 Cuenca","Nulidades",2015,0
"623","16 Cuenca","Nulidades",2014,0
"624","16 Cuenca","Nulidades",2013,0
"625","16 Cuenca","Separaciones",2020,2
"626","16 Cuenca","Separaciones",2019,8
"627","16 Cuenca","Separaciones",2018,5
"628","16 Cuenca","Separaciones",2017,9
"629","16 Cuenca","Separaciones",2016,11
"630","16 Cuenca","Separaciones",2015,10
"631","16 Cuenca","Separaciones",2014,4
"632","16 Cuenca","Separaciones",2013,33
"633","16 Cuenca","Divorcios",2020,205
"634","16 Cuenca","Divorcios",2019,266
"635","16 Cuenca","Divorcios",2018,268
"636","16 Cuenca","Divorcios",2017,265
"637","16 Cuenca","Divorcios",2016,286
"638","16 Cuenca","Divorcios",2015,366
"639","16 Cuenca","Divorcios",2014,316
"640","16 Cuenca","Divorcios",2013,331
"641","20 Gipuzkoa","Total",2020,986
"642","20 Gipuzkoa","Total",2019,1252
"643","20 Gipuzkoa","Total",2018,1223
"644","20 Gipuzkoa","Total",2017,1192
"645","20 Gipuzkoa","Total",2016,1196
"646","20 Gipuzkoa","Total",2015,1303
"647","20 Gipuzkoa","Total",2014,1341
"648","20 Gipuzkoa","Total",2013,1201
"649","20 Gipuzkoa","Nulidades",2020,1
"650","20 Gipuzkoa","Nulidades",2019,0
"651","20 Gipuzkoa","Nulidades",2018,1
"652","20 Gipuzkoa","Nulidades",2017,0
"653","20 Gipuzkoa","Nulidades",2016,0
"654","20 Gipuzkoa","Nulidades",2015,1
"655","20 Gipuzkoa","Nulidades",2014,0
"656","20 Gipuzkoa","Nulidades",2013,1
"657","20 Gipuzkoa","Separaciones",2020,33
"658","20 Gipuzkoa","Separaciones",2019,38
"659","20 Gipuzkoa","Separaciones",2018,27
"660","20 Gipuzkoa","Separaciones",2017,36
"661","20 Gipuzkoa","Separaciones",2016,39
"662","20 Gipuzkoa","Separaciones",2015,41
"663","20 Gipuzkoa","Separaciones",2014,40
"664","20 Gipuzkoa","Separaciones",2013,57
"665","20 Gipuzkoa","Divorcios",2020,952
"666","20 Gipuzkoa","Divorcios",2019,1214
"667","20 Gipuzkoa","Divorcios",2018,1195
"668","20 Gipuzkoa","Divorcios",2017,1156
"669","20 Gipuzkoa","Divorcios",2016,1157
"670","20 Gipuzkoa","Divorcios",2015,1260
"671","20 Gipuzkoa","Divorcios",2014,1301
"672","20 Gipuzkoa","Divorcios",2013,1142
"673","17 Girona","Total",2020,1301
"674","17 Girona","Total",2019,1585
"675","17 Girona","Total",2018,1620
"676","17 Girona","Total",2017,1735
"677","17 Girona","Total",2016,1618
"678","17 Girona","Total",2015,1717
"679","17 Girona","Total",2014,1647
"680","17 Girona","Total",2013,1734
"681","17 Girona","Nulidades",2020,2
"682","17 Girona","Nulidades",2019,2
"683","17 Girona","Nulidades",2018,0
"684","17 Girona","Nulidades",2017,2
"685","17 Girona","Nulidades",2016,0
"686","17 Girona","Nulidades",2015,0
"687","17 Girona","Nulidades",2014,1
"688","17 Girona","Nulidades",2013,3
"689","17 Girona","Separaciones",2020,41
"690","17 Girona","Separaciones",2019,53
"691","17 Girona","Separaciones",2018,28
"692","17 Girona","Separaciones",2017,64
"693","17 Girona","Separaciones",2016,58
"694","17 Girona","Separaciones",2015,71
"695","17 Girona","Separaciones",2014,74
"696","17 Girona","Separaciones",2013,81
"697","17 Girona","Divorcios",2020,1258
"698","17 Girona","Divorcios",2019,1530
"699","17 Girona","Divorcios",2018,1593
"700","17 Girona","Divorcios",2017,1669
"701","17 Girona","Divorcios",2016,1560
"702","17 Girona","Divorcios",2015,1646
"703","17 Girona","Divorcios",2014,1572
"704","17 Girona","Divorcios",2013,1649
"705","18 Granada","Total",2020,1402
"706","18 Granada","Total",2019,1697
"707","18 Granada","Total",2018,1808
"708","18 Granada","Total",2017,2086
"709","18 Granada","Total",2016,2046
"710","18 Granada","Total",2015,1977
"711","18 Granada","Total",2014,1988
"712","18 Granada","Total",2013,1931
"713","18 Granada","Nulidades",2020,0
"714","18 Granada","Nulidades",2019,2
"715","18 Granada","Nulidades",2018,2
"716","18 Granada","Nulidades",2017,4
"717","18 Granada","Nulidades",2016,2
"718","18 Granada","Nulidades",2015,3
"719","18 Granada","Nulidades",2014,2
"720","18 Granada","Nulidades",2013,5
"721","18 Granada","Separaciones",2020,69
"722","18 Granada","Separaciones",2019,60
"723","18 Granada","Separaciones",2018,121
"724","18 Granada","Separaciones",2017,91
"725","18 Granada","Separaciones",2016,107
"726","18 Granada","Separaciones",2015,108
"727","18 Granada","Separaciones",2014,138
"728","18 Granada","Separaciones",2013,104
"729","18 Granada","Divorcios",2020,1334
"730","18 Granada","Divorcios",2019,1635
"731","18 Granada","Divorcios",2018,1685
"732","18 Granada","Divorcios",2017,1991
"733","18 Granada","Divorcios",2016,1938
"734","18 Granada","Divorcios",2015,1865
"735","18 Granada","Divorcios",2014,1849
"736","18 Granada","Divorcios",2013,1822
"737","19 Guadalajara","Total",2020,670
"738","19 Guadalajara","Total",2019,878
"739","19 Guadalajara","Total",2018,773
"740","19 Guadalajara","Total",2017,521
"741","19 Guadalajara","Total",2016,560
"742","19 Guadalajara","Total",2015,610
"743","19 Guadalajara","Total",2014,530
"744","19 Guadalajara","Total",2013,428
"745","19 Guadalajara","Nulidades",2020,0
"746","19 Guadalajara","Nulidades",2019,0
"747","19 Guadalajara","Nulidades",2018,0
"748","19 Guadalajara","Nulidades",2017,0
"749","19 Guadalajara","Nulidades",2016,0
"750","19 Guadalajara","Nulidades",2015,0
"751","19 Guadalajara","Nulidades",2014,0
"752","19 Guadalajara","Nulidades",2013,2
"753","19 Guadalajara","Separaciones",2020,22
"754","19 Guadalajara","Separaciones",2019,9
"755","19 Guadalajara","Separaciones",2018,36
"756","19 Guadalajara","Separaciones",2017,25
"757","19 Guadalajara","Separaciones",2016,22
"758","19 Guadalajara","Separaciones",2015,36
"759","19 Guadalajara","Separaciones",2014,30
"760","19 Guadalajara","Separaciones",2013,23
"761","19 Guadalajara","Divorcios",2020,649
"762","19 Guadalajara","Divorcios",2019,869
"763","19 Guadalajara","Divorcios",2018,737
"764","19 Guadalajara","Divorcios",2017,496
"765","19 Guadalajara","Divorcios",2016,538
"766","19 Guadalajara","Divorcios",2015,575
"767","19 Guadalajara","Divorcios",2014,500
"768","19 Guadalajara","Divorcios",2013,402
"769","21 Huelva","Total",2020,851
"770","21 Huelva","Total",2019,1032
"771","21 Huelva","Total",2018,1014
"772","21 Huelva","Total",2017,1093
"773","21 Huelva","Total",2016,1108
"774","21 Huelva","Total",2015,1066
"775","21 Huelva","Total",2014,1201
"776","21 Huelva","Total",2013,1063
"777","21 Huelva","Nulidades",2020,0
"778","21 Huelva","Nulidades",2019,0
"779","21 Huelva","Nulidades",2018,0
"780","21 Huelva","Nulidades",2017,0
"781","21 Huelva","Nulidades",2016,3
"782","21 Huelva","Nulidades",2015,3
"783","21 Huelva","Nulidades",2014,3
"784","21 Huelva","Nulidades",2013,1
"785","21 Huelva","Separaciones",2020,18
"786","21 Huelva","Separaciones",2019,28
"787","21 Huelva","Separaciones",2018,28
"788","21 Huelva","Separaciones",2017,33
"789","21 Huelva","Separaciones",2016,51
"790","21 Huelva","Separaciones",2015,41
"791","21 Huelva","Separaciones",2014,58
"792","21 Huelva","Separaciones",2013,66
"793","21 Huelva","Divorcios",2020,833
"794","21 Huelva","Divorcios",2019,1004
"795","21 Huelva","Divorcios",2018,986
"796","21 Huelva","Divorcios",2017,1060
"797","21 Huelva","Divorcios",2016,1054
"798","21 Huelva","Divorcios",2015,1023
"799","21 Huelva","Divorcios",2014,1140
"800","21 Huelva","Divorcios",2013,995
"801","22 Huesca","Total",2020,292
"802","22 Huesca","Total",2019,397
"803","22 Huesca","Total",2018,412
"804","22 Huesca","Total",2017,392
"805","22 Huesca","Total",2016,375
"806","22 Huesca","Total",2015,505
"807","22 Huesca","Total",2014,458
"808","22 Huesca","Total",2013,409
"809","22 Huesca","Nulidades",2020,0
"810","22 Huesca","Nulidades",2019,0
"811","22 Huesca","Nulidades",2018,2
"812","22 Huesca","Nulidades",2017,0
"813","22 Huesca","Nulidades",2016,0
"814","22 Huesca","Nulidades",2015,2
"815","22 Huesca","Nulidades",2014,1
"816","22 Huesca","Nulidades",2013,1
"817","22 Huesca","Separaciones",2020,11
"818","22 Huesca","Separaciones",2019,27
"819","22 Huesca","Separaciones",2018,16
"820","22 Huesca","Separaciones",2017,14
"821","22 Huesca","Separaciones",2016,13
"822","22 Huesca","Separaciones",2015,21
"823","22 Huesca","Separaciones",2014,18
"824","22 Huesca","Separaciones",2013,19
"825","22 Huesca","Divorcios",2020,281
"826","22 Huesca","Divorcios",2019,369
"827","22 Huesca","Divorcios",2018,394
"828","22 Huesca","Divorcios",2017,378
"829","22 Huesca","Divorcios",2016,362
"830","22 Huesca","Divorcios",2015,482
"831","22 Huesca","Divorcios",2014,439
"832","22 Huesca","Divorcios",2013,388
"833","23 Jaén","Total",2020,925
"834","23 Jaén","Total",2019,1234
"835","23 Jaén","Total",2018,1195
"836","23 Jaén","Total",2017,1208
"837","23 Jaén","Total",2016,1195
"838","23 Jaén","Total",2015,1279
"839","23 Jaén","Total",2014,1256
"840","23 Jaén","Total",2013,1246
"841","23 Jaén","Nulidades",2020,3
"842","23 Jaén","Nulidades",2019,0
"843","23 Jaén","Nulidades",2018,0
"844","23 Jaén","Nulidades",2017,4
"845","23 Jaén","Nulidades",2016,1
"846","23 Jaén","Nulidades",2015,0
"847","23 Jaén","Nulidades",2014,1
"848","23 Jaén","Nulidades",2013,1
"849","23 Jaén","Separaciones",2020,35
"850","23 Jaén","Separaciones",2019,53
"851","23 Jaén","Separaciones",2018,87
"852","23 Jaén","Separaciones",2017,76
"853","23 Jaén","Separaciones",2016,73
"854","23 Jaén","Separaciones",2015,81
"855","23 Jaén","Separaciones",2014,75
"856","23 Jaén","Separaciones",2013,89
"857","23 Jaén","Divorcios",2020,887
"858","23 Jaén","Divorcios",2019,1181
"859","23 Jaén","Divorcios",2018,1108
"860","23 Jaén","Divorcios",2017,1128
"861","23 Jaén","Divorcios",2016,1121
"862","23 Jaén","Divorcios",2015,1198
"863","23 Jaén","Divorcios",2014,1180
"864","23 Jaén","Divorcios",2013,1156
"865","24 León","Total",2020,798
"866","24 León","Total",2019,923
"867","24 León","Total",2018,938
"868","24 León","Total",2017,872
"869","24 León","Total",2016,853
"870","24 León","Total",2015,812
"871","24 León","Total",2014,956
"872","24 León","Total",2013,954
"873","24 León","Nulidades",2020,0
"874","24 León","Nulidades",2019,1
"875","24 León","Nulidades",2018,0
"876","24 León","Nulidades",2017,0
"877","24 León","Nulidades",2016,0
"878","24 León","Nulidades",2015,0
"879","24 León","Nulidades",2014,0
"880","24 León","Nulidades",2013,1
"881","24 León","Separaciones",2020,42
"882","24 León","Separaciones",2019,45
"883","24 León","Separaciones",2018,45
"884","24 León","Separaciones",2017,43
"885","24 León","Separaciones",2016,37
"886","24 León","Separaciones",2015,43
"887","24 León","Separaciones",2014,52
"888","24 León","Separaciones",2013,72
"889","24 León","Divorcios",2020,756
"890","24 León","Divorcios",2019,876
"891","24 León","Divorcios",2018,892
"892","24 León","Divorcios",2017,829
"893","24 León","Divorcios",2016,816
"894","24 León","Divorcios",2015,769
"895","24 León","Divorcios",2014,903
"896","24 León","Divorcios",2013,880
"897","25 Lleida","Total",2020,789
"898","25 Lleida","Total",2019,843
"899","25 Lleida","Total",2018,817
"900","25 Lleida","Total",2017,931
"901","25 Lleida","Total",2016,942
"902","25 Lleida","Total",2015,1013
"903","25 Lleida","Total",2014,1435
"904","25 Lleida","Total",2013,1006
"905","25 Lleida","Nulidades",2020,3
"906","25 Lleida","Nulidades",2019,1
"907","25 Lleida","Nulidades",2018,0
"908","25 Lleida","Nulidades",2017,0
"909","25 Lleida","Nulidades",2016,2
"910","25 Lleida","Nulidades",2015,0
"911","25 Lleida","Nulidades",2014,4
"912","25 Lleida","Nulidades",2013,3
"913","25 Lleida","Separaciones",2020,14
"914","25 Lleida","Separaciones",2019,28
"915","25 Lleida","Separaciones",2018,39
"916","25 Lleida","Separaciones",2017,36
"917","25 Lleida","Separaciones",2016,34
"918","25 Lleida","Separaciones",2015,66
"919","25 Lleida","Separaciones",2014,24
"920","25 Lleida","Separaciones",2013,48
"921","25 Lleida","Divorcios",2020,772
"922","25 Lleida","Divorcios",2019,814
"923","25 Lleida","Divorcios",2018,778
"924","25 Lleida","Divorcios",2017,895
"925","25 Lleida","Divorcios",2016,906
"926","25 Lleida","Divorcios",2015,947
"927","25 Lleida","Divorcios",2014,1407
"928","25 Lleida","Divorcios",2013,955
"929","27 Lugo","Total",2020,408
"930","27 Lugo","Total",2019,505
"931","27 Lugo","Total",2018,446
"932","27 Lugo","Total",2017,525
"933","27 Lugo","Total",2016,512
"934","27 Lugo","Total",2015,600
"935","27 Lugo","Total",2014,580
"936","27 Lugo","Total",2013,458
"937","27 Lugo","Nulidades",2020,0
"938","27 Lugo","Nulidades",2019,0
"939","27 Lugo","Nulidades",2018,0
"940","27 Lugo","Nulidades",2017,0
"941","27 Lugo","Nulidades",2016,0
"942","27 Lugo","Nulidades",2015,1
"943","27 Lugo","Nulidades",2014,0
"944","27 Lugo","Nulidades",2013,1
"945","27 Lugo","Separaciones",2020,9
"946","27 Lugo","Separaciones",2019,15
"947","27 Lugo","Separaciones",2018,21
"948","27 Lugo","Separaciones",2017,18
"949","27 Lugo","Separaciones",2016,17
"950","27 Lugo","Separaciones",2015,25
"951","27 Lugo","Separaciones",2014,23
"952","27 Lugo","Separaciones",2013,26
"953","27 Lugo","Divorcios",2020,399
"954","27 Lugo","Divorcios",2019,490
"955","27 Lugo","Divorcios",2018,425
"956","27 Lugo","Divorcios",2017,507
"957","27 Lugo","Divorcios",2016,495
"958","27 Lugo","Divorcios",2015,574
"959","27 Lugo","Divorcios",2014,557
"960","27 Lugo","Divorcios",2013,431
"961","28 Madrid","Total",2020,10421
"962","28 Madrid","Total",2019,13001
"963","28 Madrid","Total",2018,13451
"964","28 Madrid","Total",2017,14668
"965","28 Madrid","Total",2016,13809
"966","28 Madrid","Total",2015,13785
"967","28 Madrid","Total",2014,15256
"968","28 Madrid","Total",2013,13913
"969","28 Madrid","Nulidades",2020,7
"970","28 Madrid","Nulidades",2019,9
"971","28 Madrid","Nulidades",2018,9
"972","28 Madrid","Nulidades",2017,18
"973","28 Madrid","Nulidades",2016,12
"974","28 Madrid","Nulidades",2015,13
"975","28 Madrid","Nulidades",2014,11
"976","28 Madrid","Nulidades",2013,7
"977","28 Madrid","Separaciones",2020,352
"978","28 Madrid","Separaciones",2019,497
"979","28 Madrid","Separaciones",2018,569
"980","28 Madrid","Separaciones",2017,541
"981","28 Madrid","Separaciones",2016,618
"982","28 Madrid","Separaciones",2015,583
"983","28 Madrid","Separaciones",2014,634
"984","28 Madrid","Separaciones",2013,603
"985","28 Madrid","Divorcios",2020,10061
"986","28 Madrid","Divorcios",2019,12495
"987","28 Madrid","Divorcios",2018,12873
"988","28 Madrid","Divorcios",2017,14109
"989","28 Madrid","Divorcios",2016,13179
"990","28 Madrid","Divorcios",2015,13189
"991","28 Madrid","Divorcios",2014,14611
"992","28 Madrid","Divorcios",2013,13303
"993","29 Málaga","Total",2020,3152
"994","29 Málaga","Total",2019,3999
"995","29 Málaga","Total",2018,3855
"996","29 Málaga","Total",2017,3817
"997","29 Málaga","Total",2016,3833
"998","29 Málaga","Total",2015,3742
"999","29 Málaga","Total",2014,3782
"1000","29 Málaga","Total",2013,3770
"1001","29 Málaga","Nulidades",2020,0
"1002","29 Málaga","Nulidades",2019,2
"1003","29 Málaga","Nulidades",2018,2
"1004","29 Málaga","Nulidades",2017,5
"1005","29 Málaga","Nulidades",2016,3
"1006","29 Málaga","Nulidades",2015,8
"1007","29 Málaga","Nulidades",2014,6
"1008","29 Málaga","Nulidades",2013,1
"1009","29 Málaga","Separaciones",2020,143
"1010","29 Málaga","Separaciones",2019,201
"1011","29 Málaga","Separaciones",2018,135
"1012","29 Málaga","Separaciones",2017,160
"1013","29 Málaga","Separaciones",2016,172
"1014","29 Málaga","Separaciones",2015,173
"1015","29 Málaga","Separaciones",2014,208
"1016","29 Málaga","Separaciones",2013,187
"1017","29 Málaga","Divorcios",2020,3009
"1018","29 Málaga","Divorcios",2019,3796
"1019","29 Málaga","Divorcios",2018,3718
"1020","29 Málaga","Divorcios",2017,3652
"1021","29 Málaga","Divorcios",2016,3658
"1022","29 Málaga","Divorcios",2015,3561
"1023","29 Málaga","Divorcios",2014,3568
"1024","29 Málaga","Divorcios",2013,3582
"1025","30 Murcia","Total",2020,2602
"1026","30 Murcia","Total",2019,2801
"1027","30 Murcia","Total",2018,3061
"1028","30 Murcia","Total",2017,3210
"1029","30 Murcia","Total",2016,3057
"1030","30 Murcia","Total",2015,2893
"1031","30 Murcia","Total",2014,3103
"1032","30 Murcia","Total",2013,2972
"1033","30 Murcia","Nulidades",2020,0
"1034","30 Murcia","Nulidades",2019,1
"1035","30 Murcia","Nulidades",2018,0
"1036","30 Murcia","Nulidades",2017,0
"1037","30 Murcia","Nulidades",2016,0
"1038","30 Murcia","Nulidades",2015,0
"1039","30 Murcia","Nulidades",2014,0
"1040","30 Murcia","Nulidades",2013,1
"1041","30 Murcia","Separaciones",2020,74
"1042","30 Murcia","Separaciones",2019,101
"1043","30 Murcia","Separaciones",2018,102
"1044","30 Murcia","Separaciones",2017,135
"1045","30 Murcia","Separaciones",2016,117
"1046","30 Murcia","Separaciones",2015,157
"1047","30 Murcia","Separaciones",2014,140
"1048","30 Murcia","Separaciones",2013,146
"1049","30 Murcia","Divorcios",2020,2528
"1050","30 Murcia","Divorcios",2019,2699
"1051","30 Murcia","Divorcios",2018,2958
"1052","30 Murcia","Divorcios",2017,3075
"1053","30 Murcia","Divorcios",2016,2940
"1054","30 Murcia","Divorcios",2015,2736
"1055","30 Murcia","Divorcios",2014,2963
"1056","30 Murcia","Divorcios",2013,2826
"1057","31 Navarra","Total",2020,1076
"1058","31 Navarra","Total",2019,1189
"1059","31 Navarra","Total",2018,1283
"1060","31 Navarra","Total",2017,1414
"1061","31 Navarra","Total",2016,1222
"1062","31 Navarra","Total",2015,1184
"1063","31 Navarra","Total",2014,1327
"1064","31 Navarra","Total",2013,1102
"1065","31 Navarra","Nulidades",2020,0
"1066","31 Navarra","Nulidades",2019,0
"1067","31 Navarra","Nulidades",2018,0
"1068","31 Navarra","Nulidades",2017,0
"1069","31 Navarra","Nulidades",2016,0
"1070","31 Navarra","Nulidades",2015,5
"1071","31 Navarra","Nulidades",2014,7
"1072","31 Navarra","Nulidades",2013,7
"1073","31 Navarra","Separaciones",2020,27
"1074","31 Navarra","Separaciones",2019,57
"1075","31 Navarra","Separaciones",2018,62
"1076","31 Navarra","Separaciones",2017,64
"1077","31 Navarra","Separaciones",2016,65
"1078","31 Navarra","Separaciones",2015,61
"1079","31 Navarra","Separaciones",2014,53
"1080","31 Navarra","Separaciones",2013,41
"1081","31 Navarra","Divorcios",2020,1049
"1082","31 Navarra","Divorcios",2019,1131
"1083","31 Navarra","Divorcios",2018,1221
"1084","31 Navarra","Divorcios",2017,1350
"1085","31 Navarra","Divorcios",2016,1157
"1086","31 Navarra","Divorcios",2015,1119
"1087","31 Navarra","Divorcios",2014,1267
"1088","31 Navarra","Divorcios",2013,1054
"1089","32 Ourense","Total",2020,509
"1090","32 Ourense","Total",2019,539
"1091","32 Ourense","Total",2018,491
"1092","32 Ourense","Total",2017,667
"1093","32 Ourense","Total",2016,673
"1094","32 Ourense","Total",2015,705
"1095","32 Ourense","Total",2014,686
"1096","32 Ourense","Total",2013,642
"1097","32 Ourense","Nulidades",2020,0
"1098","32 Ourense","Nulidades",2019,0
"1099","32 Ourense","Nulidades",2018,0
"1100","32 Ourense","Nulidades",2017,1
"1101","32 Ourense","Nulidades",2016,0
"1102","32 Ourense","Nulidades",2015,2
"1103","32 Ourense","Nulidades",2014,0
"1104","32 Ourense","Nulidades",2013,1
"1105","32 Ourense","Separaciones",2020,20
"1106","32 Ourense","Separaciones",2019,17
"1107","32 Ourense","Separaciones",2018,11
"1108","32 Ourense","Separaciones",2017,22
"1109","32 Ourense","Separaciones",2016,18
"1110","32 Ourense","Separaciones",2015,29
"1111","32 Ourense","Separaciones",2014,42
"1112","32 Ourense","Separaciones",2013,40
"1113","32 Ourense","Divorcios",2020,488
"1114","32 Ourense","Divorcios",2019,522
"1115","32 Ourense","Divorcios",2018,479
"1116","32 Ourense","Divorcios",2017,643
"1117","32 Ourense","Divorcios",2016,655
"1118","32 Ourense","Divorcios",2015,674
"1119","32 Ourense","Divorcios",2014,644
"1120","32 Ourense","Divorcios",2013,601
"1121","34 Palencia","Total",2020,242
"1122","34 Palencia","Total",2019,273
"1123","34 Palencia","Total",2018,243
"1124","34 Palencia","Total",2017,264
"1125","34 Palencia","Total",2016,263
"1126","34 Palencia","Total",2015,272
"1127","34 Palencia","Total",2014,271
"1128","34 Palencia","Total",2013,260
"1129","34 Palencia","Nulidades",2020,0
"1130","34 Palencia","Nulidades",2019,0
"1131","34 Palencia","Nulidades",2018,0
"1132","34 Palencia","Nulidades",2017,0
"1133","34 Palencia","Nulidades",2016,0
"1134","34 Palencia","Nulidades",2015,0
"1135","34 Palencia","Nulidades",2014,0
"1136","34 Palencia","Nulidades",2013,1
"1137","34 Palencia","Separaciones",2020,3
"1138","34 Palencia","Separaciones",2019,2
"1139","34 Palencia","Separaciones",2018,12
"1140","34 Palencia","Separaciones",2017,23
"1141","34 Palencia","Separaciones",2016,21
"1142","34 Palencia","Separaciones",2015,16
"1143","34 Palencia","Separaciones",2014,19
"1144","34 Palencia","Separaciones",2013,15
"1145","34 Palencia","Divorcios",2020,239
"1146","34 Palencia","Divorcios",2019,271
"1147","34 Palencia","Divorcios",2018,230
"1148","34 Palencia","Divorcios",2017,241
"1149","34 Palencia","Divorcios",2016,242
"1150","34 Palencia","Divorcios",2015,256
"1151","34 Palencia","Divorcios",2014,252
"1152","34 Palencia","Divorcios",2013,244
"1153","35 Palmas, Las","Total",2020,1927
"1154","35 Palmas, Las","Total",2019,2172
"1155","35 Palmas, Las","Total",2018,2639
"1156","35 Palmas, Las","Total",2017,2652
"1157","35 Palmas, Las","Total",2016,2518
"1158","35 Palmas, Las","Total",2015,2553
"1159","35 Palmas, Las","Total",2014,2797
"1160","35 Palmas, Las","Total",2013,3172
"1161","35 Palmas, Las","Nulidades",2020,2
"1162","35 Palmas, Las","Nulidades",2019,0
"1163","35 Palmas, Las","Nulidades",2018,0
"1164","35 Palmas, Las","Nulidades",2017,0
"1165","35 Palmas, Las","Nulidades",2016,0
"1166","35 Palmas, Las","Nulidades",2015,2
"1167","35 Palmas, Las","Nulidades",2014,0
"1168","35 Palmas, Las","Nulidades",2013,0
"1169","35 Palmas, Las","Separaciones",2020,62
"1170","35 Palmas, Las","Separaciones",2019,88
"1171","35 Palmas, Las","Separaciones",2018,80
"1172","35 Palmas, Las","Separaciones",2017,132
"1173","35 Palmas, Las","Separaciones",2016,98
"1174","35 Palmas, Las","Separaciones",2015,81
"1175","35 Palmas, Las","Separaciones",2014,127
"1176","35 Palmas, Las","Separaciones",2013,154
"1177","35 Palmas, Las","Divorcios",2020,1862
"1178","35 Palmas, Las","Divorcios",2019,2084
"1179","35 Palmas, Las","Divorcios",2018,2558
"1180","35 Palmas, Las","Divorcios",2017,2520
"1181","35 Palmas, Las","Divorcios",2016,2420
"1182","35 Palmas, Las","Divorcios",2015,2470
"1183","35 Palmas, Las","Divorcios",2014,2670
"1184","35 Palmas, Las","Divorcios",2013,3018
"1185","36 Pontevedra","Total",2020,1504
"1186","36 Pontevedra","Total",2019,1701
"1187","36 Pontevedra","Total",2018,1906
"1188","36 Pontevedra","Total",2017,2010
"1189","36 Pontevedra","Total",2016,1935
"1190","36 Pontevedra","Total",2015,2032
"1191","36 Pontevedra","Total",2014,2149
"1192","36 Pontevedra","Total",2013,2022
"1193","36 Pontevedra","Nulidades",2020,0
"1194","36 Pontevedra","Nulidades",2019,0
"1195","36 Pontevedra","Nulidades",2018,2
"1196","36 Pontevedra","Nulidades",2017,0
"1197","36 Pontevedra","Nulidades",2016,0
"1198","36 Pontevedra","Nulidades",2015,0
"1199","36 Pontevedra","Nulidades",2014,0
"1200","36 Pontevedra","Nulidades",2013,3
"1201","36 Pontevedra","Separaciones",2020,47
"1202","36 Pontevedra","Separaciones",2019,61
"1203","36 Pontevedra","Separaciones",2018,97
"1204","36 Pontevedra","Separaciones",2017,77
"1205","36 Pontevedra","Separaciones",2016,75
"1206","36 Pontevedra","Separaciones",2015,110
"1207","36 Pontevedra","Separaciones",2014,95
"1208","36 Pontevedra","Separaciones",2013,79
"1209","36 Pontevedra","Divorcios",2020,1457
"1210","36 Pontevedra","Divorcios",2019,1640
"1211","36 Pontevedra","Divorcios",2018,1807
"1212","36 Pontevedra","Divorcios",2017,1933
"1213","36 Pontevedra","Divorcios",2016,1860
"1214","36 Pontevedra","Divorcios",2015,1922
"1215","36 Pontevedra","Divorcios",2014,2054
"1216","36 Pontevedra","Divorcios",2013,1940
"1217","26 Rioja, La","Total",2020,580
"1218","26 Rioja, La","Total",2019,566
"1219","26 Rioja, La","Total",2018,623
"1220","26 Rioja, La","Total",2017,605
"1221","26 Rioja, La","Total",2016,662
"1222","26 Rioja, La","Total",2015,601
"1223","26 Rioja, La","Total",2014,731
"1224","26 Rioja, La","Total",2013,633
"1225","26 Rioja, La","Nulidades",2020,0
"1226","26 Rioja, La","Nulidades",2019,0
"1227","26 Rioja, La","Nulidades",2018,3
"1228","26 Rioja, La","Nulidades",2017,2
"1229","26 Rioja, La","Nulidades",2016,1
"1230","26 Rioja, La","Nulidades",2015,0
"1231","26 Rioja, La","Nulidades",2014,0
"1232","26 Rioja, La","Nulidades",2013,1
"1233","26 Rioja, La","Separaciones",2020,20
"1234","26 Rioja, La","Separaciones",2019,23
"1235","26 Rioja, La","Separaciones",2018,23
"1236","26 Rioja, La","Separaciones",2017,29
"1237","26 Rioja, La","Separaciones",2016,31
"1238","26 Rioja, La","Separaciones",2015,28
"1239","26 Rioja, La","Separaciones",2014,18
"1240","26 Rioja, La","Separaciones",2013,33
"1241","26 Rioja, La","Divorcios",2020,559
"1242","26 Rioja, La","Divorcios",2019,543
"1243","26 Rioja, La","Divorcios",2018,597
"1244","26 Rioja, La","Divorcios",2017,574
"1245","26 Rioja, La","Divorcios",2016,629
"1246","26 Rioja, La","Divorcios",2015,572
"1247","26 Rioja, La","Divorcios",2014,713
"1248","26 Rioja, La","Divorcios",2013,599
"1249","37 Salamanca","Total",2020,473
"1250","37 Salamanca","Total",2019,479
"1251","37 Salamanca","Total",2018,571
"1252","37 Salamanca","Total",2017,577
"1253","37 Salamanca","Total",2016,610
"1254","37 Salamanca","Total",2015,660
"1255","37 Salamanca","Total",2014,610
"1256","37 Salamanca","Total",2013,614
"1257","37 Salamanca","Nulidades",2020,0
"1258","37 Salamanca","Nulidades",2019,0
"1259","37 Salamanca","Nulidades",2018,0
"1260","37 Salamanca","Nulidades",2017,0
"1261","37 Salamanca","Nulidades",2016,1
"1262","37 Salamanca","Nulidades",2015,2
"1263","37 Salamanca","Nulidades",2014,0
"1264","37 Salamanca","Nulidades",2013,1
"1265","37 Salamanca","Separaciones",2020,27
"1266","37 Salamanca","Separaciones",2019,23
"1267","37 Salamanca","Separaciones",2018,23
"1268","37 Salamanca","Separaciones",2017,23
"1269","37 Salamanca","Separaciones",2016,22
"1270","37 Salamanca","Separaciones",2015,27
"1271","37 Salamanca","Separaciones",2014,37
"1272","37 Salamanca","Separaciones",2013,29
"1273","37 Salamanca","Divorcios",2020,446
"1274","37 Salamanca","Divorcios",2019,456
"1275","37 Salamanca","Divorcios",2018,549
"1276","37 Salamanca","Divorcios",2017,554
"1277","37 Salamanca","Divorcios",2016,587
"1278","37 Salamanca","Divorcios",2015,630
"1279","37 Salamanca","Divorcios",2014,573
"1280","37 Salamanca","Divorcios",2013,583
"1281","38 Santa Cruz de Tenerife","Total",2020,2166
"1282","38 Santa Cruz de Tenerife","Total",2019,2386
"1283","38 Santa Cruz de Tenerife","Total",2018,2444
"1284","38 Santa Cruz de Tenerife","Total",2017,2656
"1285","38 Santa Cruz de Tenerife","Total",2016,2637
"1286","38 Santa Cruz de Tenerife","Total",2015,2610
"1287","38 Santa Cruz de Tenerife","Total",2014,2778
"1288","38 Santa Cruz de Tenerife","Total",2013,3191
"1289","38 Santa Cruz de Tenerife","Nulidades",2020,0
"1290","38 Santa Cruz de Tenerife","Nulidades",2019,4
"1291","38 Santa Cruz de Tenerife","Nulidades",2018,3
"1292","38 Santa Cruz de Tenerife","Nulidades",2017,0
"1293","38 Santa Cruz de Tenerife","Nulidades",2016,0
"1294","38 Santa Cruz de Tenerife","Nulidades",2015,2
"1295","38 Santa Cruz de Tenerife","Nulidades",2014,1
"1296","38 Santa Cruz de Tenerife","Nulidades",2013,1
"1297","38 Santa Cruz de Tenerife","Separaciones",2020,33
"1298","38 Santa Cruz de Tenerife","Separaciones",2019,40
"1299","38 Santa Cruz de Tenerife","Separaciones",2018,40
"1300","38 Santa Cruz de Tenerife","Separaciones",2017,68
"1301","38 Santa Cruz de Tenerife","Separaciones",2016,82
"1302","38 Santa Cruz de Tenerife","Separaciones",2015,72
"1303","38 Santa Cruz de Tenerife","Separaciones",2014,63
"1304","38 Santa Cruz de Tenerife","Separaciones",2013,81
"1305","38 Santa Cruz de Tenerife","Divorcios",2020,2133
"1306","38 Santa Cruz de Tenerife","Divorcios",2019,2341
"1307","38 Santa Cruz de Tenerife","Divorcios",2018,2401
"1308","38 Santa Cruz de Tenerife","Divorcios",2017,2588
"1309","38 Santa Cruz de Tenerife","Divorcios",2016,2555
"1310","38 Santa Cruz de Tenerife","Divorcios",2015,2535
"1311","38 Santa Cruz de Tenerife","Divorcios",2014,2713
"1312","38 Santa Cruz de Tenerife","Divorcios",2013,3108
"1313","40 Segovia","Total",2020,201
"1314","40 Segovia","Total",2019,254
"1315","40 Segovia","Total",2018,244
"1316","40 Segovia","Total",2017,211
"1317","40 Segovia","Total",2016,236
"1318","40 Segovia","Total",2015,213
"1319","40 Segovia","Total",2014,239
"1320","40 Segovia","Total",2013,205
"1321","40 Segovia","Nulidades",2020,0
"1322","40 Segovia","Nulidades",2019,0
"1323","40 Segovia","Nulidades",2018,0
"1324","40 Segovia","Nulidades",2017,0
"1325","40 Segovia","Nulidades",2016,0
"1326","40 Segovia","Nulidades",2015,0
"1327","40 Segovia","Nulidades",2014,0
"1328","40 Segovia","Nulidades",2013,0
"1329","40 Segovia","Separaciones",2020,5
"1330","40 Segovia","Separaciones",2019,9
"1331","40 Segovia","Separaciones",2018,4
"1332","40 Segovia","Separaciones",2017,9
"1333","40 Segovia","Separaciones",2016,11
"1334","40 Segovia","Separaciones",2015,6
"1335","40 Segovia","Separaciones",2014,8
"1336","40 Segovia","Separaciones",2013,7
"1337","40 Segovia","Divorcios",2020,196
"1338","40 Segovia","Divorcios",2019,245
"1339","40 Segovia","Divorcios",2018,240
"1340","40 Segovia","Divorcios",2017,202
"1341","40 Segovia","Divorcios",2016,225
"1342","40 Segovia","Divorcios",2015,207
"1343","40 Segovia","Divorcios",2014,231
"1344","40 Segovia","Divorcios",2013,197
"1345","41 Sevilla","Total",2020,3516
"1346","41 Sevilla","Total",2019,4224
"1347","41 Sevilla","Total",2018,4283
"1348","41 Sevilla","Total",2017,4511
"1349","41 Sevilla","Total",2016,4229
"1350","41 Sevilla","Total",2015,4204
"1351","41 Sevilla","Total",2014,4365
"1352","41 Sevilla","Total",2013,4061
"1353","41 Sevilla","Nulidades",2020,0
"1354","41 Sevilla","Nulidades",2019,2
"1355","41 Sevilla","Nulidades",2018,0
"1356","41 Sevilla","Nulidades",2017,3
"1357","41 Sevilla","Nulidades",2016,1
"1358","41 Sevilla","Nulidades",2015,7
"1359","41 Sevilla","Nulidades",2014,17
"1360","41 Sevilla","Nulidades",2013,16
"1361","41 Sevilla","Separaciones",2020,125
"1362","41 Sevilla","Separaciones",2019,163
"1363","41 Sevilla","Separaciones",2018,198
"1364","41 Sevilla","Separaciones",2017,189
"1365","41 Sevilla","Separaciones",2016,204
"1366","41 Sevilla","Separaciones",2015,189
"1367","41 Sevilla","Separaciones",2014,221
"1368","41 Sevilla","Separaciones",2013,206
"1369","41 Sevilla","Divorcios",2020,3390
"1370","41 Sevilla","Divorcios",2019,4060
"1371","41 Sevilla","Divorcios",2018,4085
"1372","41 Sevilla","Divorcios",2017,4319
"1373","41 Sevilla","Divorcios",2016,4024
"1374","41 Sevilla","Divorcios",2015,4008
"1375","41 Sevilla","Divorcios",2014,4127
"1376","41 Sevilla","Divorcios",2013,3839
"1377","42 Soria","Total",2020,88
"1378","42 Soria","Total",2019,95
"1379","42 Soria","Total",2018,94
"1380","42 Soria","Total",2017,99
"1381","42 Soria","Total",2016,106
"1382","42 Soria","Total",2015,101
"1383","42 Soria","Total",2014,167
"1384","42 Soria","Total",2013,126
"1385","42 Soria","Nulidades",2020,0
"1386","42 Soria","Nulidades",2019,0
"1387","42 Soria","Nulidades",2018,0
"1388","42 Soria","Nulidades",2017,0
"1389","42 Soria","Nulidades",2016,0
"1390","42 Soria","Nulidades",2015,0
"1391","42 Soria","Nulidades",2014,0
"1392","42 Soria","Nulidades",2013,0
"1393","42 Soria","Separaciones",2020,17
"1394","42 Soria","Separaciones",2019,4
"1395","42 Soria","Separaciones",2018,18
"1396","42 Soria","Separaciones",2017,4
"1397","42 Soria","Separaciones",2016,6
"1398","42 Soria","Separaciones",2015,11
"1399","42 Soria","Separaciones",2014,8
"1400","42 Soria","Separaciones",2013,5
"1401","42 Soria","Divorcios",2020,72
"1402","42 Soria","Divorcios",2019,91
"1403","42 Soria","Divorcios",2018,76
"1404","42 Soria","Divorcios",2017,95
"1405","42 Soria","Divorcios",2016,100
"1406","42 Soria","Divorcios",2015,90
"1407","42 Soria","Divorcios",2014,159
"1408","42 Soria","Divorcios",2013,121
"1409","43 Tarragona","Total",2020,1468
"1410","43 Tarragona","Total",2019,1260
"1411","43 Tarragona","Total",2018,1844
"1412","43 Tarragona","Total",2017,1957
"1413","43 Tarragona","Total",2016,2056
"1414","43 Tarragona","Total",2015,1932
"1415","43 Tarragona","Total",2014,2012
"1416","43 Tarragona","Total",2013,1997
"1417","43 Tarragona","Nulidades",2020,1
"1418","43 Tarragona","Nulidades",2019,2
"1419","43 Tarragona","Nulidades",2018,5
"1420","43 Tarragona","Nulidades",2017,4
"1421","43 Tarragona","Nulidades",2016,1
"1422","43 Tarragona","Nulidades",2015,3
"1423","43 Tarragona","Nulidades",2014,10
"1424","43 Tarragona","Nulidades",2013,5
"1425","43 Tarragona","Separaciones",2020,31
"1426","43 Tarragona","Separaciones",2019,47
"1427","43 Tarragona","Separaciones",2018,74
"1428","43 Tarragona","Separaciones",2017,49
"1429","43 Tarragona","Separaciones",2016,73
"1430","43 Tarragona","Separaciones",2015,70
"1431","43 Tarragona","Separaciones",2014,59
"1432","43 Tarragona","Separaciones",2013,86
"1433","43 Tarragona","Divorcios",2020,1436
"1434","43 Tarragona","Divorcios",2019,1211
"1435","43 Tarragona","Divorcios",2018,1765
"1436","43 Tarragona","Divorcios",2017,1905
"1437","43 Tarragona","Divorcios",2016,1981
"1438","43 Tarragona","Divorcios",2015,1859
"1439","43 Tarragona","Divorcios",2014,1944
"1440","43 Tarragona","Divorcios",2013,1906
"1441","44 Teruel","Total",2020,150
"1442","44 Teruel","Total",2019,196
"1443","44 Teruel","Total",2018,188
"1444","44 Teruel","Total",2017,166
"1445","44 Teruel","Total",2016,230
"1446","44 Teruel","Total",2015,244
"1447","44 Teruel","Total",2014,211
"1448","44 Teruel","Total",2013,177
"1449","44 Teruel","Nulidades",2020,0
"1450","44 Teruel","Nulidades",2019,0
"1451","44 Teruel","Nulidades",2018,0
"1452","44 Teruel","Nulidades",2017,0
"1453","44 Teruel","Nulidades",2016,0
"1454","44 Teruel","Nulidades",2015,0
"1455","44 Teruel","Nulidades",2014,1
"1456","44 Teruel","Nulidades",2013,0
"1457","44 Teruel","Separaciones",2020,8
"1458","44 Teruel","Separaciones",2019,5
"1459","44 Teruel","Separaciones",2018,13
"1460","44 Teruel","Separaciones",2017,1
"1461","44 Teruel","Separaciones",2016,7
"1462","44 Teruel","Separaciones",2015,13
"1463","44 Teruel","Separaciones",2014,5
"1464","44 Teruel","Separaciones",2013,6
"1465","44 Teruel","Divorcios",2020,142
"1466","44 Teruel","Divorcios",2019,191
"1467","44 Teruel","Divorcios",2018,175
"1468","44 Teruel","Divorcios",2017,165
"1469","44 Teruel","Divorcios",2016,223
"1470","44 Teruel","Divorcios",2015,232
"1471","44 Teruel","Divorcios",2014,205
"1472","44 Teruel","Divorcios",2013,172
"1473","45 Toledo","Total",2020,1342
"1474","45 Toledo","Total",2019,1322
"1475","45 Toledo","Total",2018,1391
"1476","45 Toledo","Total",2017,1413
"1477","45 Toledo","Total",2016,1312
"1478","45 Toledo","Total",2015,1349
"1479","45 Toledo","Total",2014,1221
"1480","45 Toledo","Total",2013,1112
"1481","45 Toledo","Nulidades",2020,5
"1482","45 Toledo","Nulidades",2019,0
"1483","45 Toledo","Nulidades",2018,0
"1484","45 Toledo","Nulidades",2017,3
"1485","45 Toledo","Nulidades",2016,3
"1486","45 Toledo","Nulidades",2015,2
"1487","45 Toledo","Nulidades",2014,0
"1488","45 Toledo","Nulidades",2013,0
"1489","45 Toledo","Separaciones",2020,24
"1490","45 Toledo","Separaciones",2019,62
"1491","45 Toledo","Separaciones",2018,56
"1492","45 Toledo","Separaciones",2017,57
"1493","45 Toledo","Separaciones",2016,40
"1494","45 Toledo","Separaciones",2015,73
"1495","45 Toledo","Separaciones",2014,66
"1496","45 Toledo","Separaciones",2013,60
"1497","45 Toledo","Divorcios",2020,1314
"1498","45 Toledo","Divorcios",2019,1260
"1499","45 Toledo","Divorcios",2018,1335
"1500","45 Toledo","Divorcios",2017,1353
"1501","45 Toledo","Divorcios",2016,1269
"1502","45 Toledo","Divorcios",2015,1274
"1503","45 Toledo","Divorcios",2014,1155
"1504","45 Toledo","Divorcios",2013,1052
"1505","46 Valencia/València","Total",2020,5292
"1506","46 Valencia/València","Total",2019,6210
"1507","46 Valencia/València","Total",2018,6698
"1508","46 Valencia/València","Total",2017,6607
"1509","46 Valencia/València","Total",2016,6746
"1510","46 Valencia/València","Total",2015,6363
"1511","46 Valencia/València","Total",2014,6822
"1512","46 Valencia/València","Total",2013,7056
"1513","46 Valencia/València","Nulidades",2020,2
"1514","46 Valencia/València","Nulidades",2019,8
"1515","46 Valencia/València","Nulidades",2018,12
"1516","46 Valencia/València","Nulidades",2017,7
"1517","46 Valencia/València","Nulidades",2016,7
"1518","46 Valencia/València","Nulidades",2015,8
"1519","46 Valencia/València","Nulidades",2014,5
"1520","46 Valencia/València","Nulidades",2013,5
"1521","46 Valencia/València","Separaciones",2020,214
"1522","46 Valencia/València","Separaciones",2019,295
"1523","46 Valencia/València","Separaciones",2018,290
"1524","46 Valencia/València","Separaciones",2017,309
"1525","46 Valencia/València","Separaciones",2016,314
"1526","46 Valencia/València","Separaciones",2015,377
"1527","46 Valencia/València","Separaciones",2014,366
"1528","46 Valencia/València","Separaciones",2013,371
"1529","46 Valencia/València","Divorcios",2020,5076
"1530","46 Valencia/València","Divorcios",2019,5906
"1531","46 Valencia/València","Divorcios",2018,6395
"1532","46 Valencia/València","Divorcios",2017,6291
"1533","46 Valencia/València","Divorcios",2016,6425
"1534","46 Valencia/València","Divorcios",2015,5978
"1535","46 Valencia/València","Divorcios",2014,6451
"1536","46 Valencia/València","Divorcios",2013,6681
"1537","47 Valladolid","Total",2020,1029
"1538","47 Valladolid","Total",2019,1204
"1539","47 Valladolid","Total",2018,1082
"1540","47 Valladolid","Total",2017,984
"1541","47 Valladolid","Total",2016,999
"1542","47 Valladolid","Total",2015,939
"1543","47 Valladolid","Total",2014,1012
"1544","47 Valladolid","Total",2013,996
"1545","47 Valladolid","Nulidades",2020,0
"1546","47 Valladolid","Nulidades",2019,3
"1547","47 Valladolid","Nulidades",2018,0
"1548","47 Valladolid","Nulidades",2017,0
"1549","47 Valladolid","Nulidades",2016,0
"1550","47 Valladolid","Nulidades",2015,0
"1551","47 Valladolid","Nulidades",2014,0
"1552","47 Valladolid","Nulidades",2013,1
"1553","47 Valladolid","Separaciones",2020,28
"1554","47 Valladolid","Separaciones",2019,46
"1555","47 Valladolid","Separaciones",2018,49
"1556","47 Valladolid","Separaciones",2017,49
"1557","47 Valladolid","Separaciones",2016,46
"1558","47 Valladolid","Separaciones",2015,41
"1559","47 Valladolid","Separaciones",2014,50
"1560","47 Valladolid","Separaciones",2013,50
"1561","47 Valladolid","Divorcios",2020,1000
"1562","47 Valladolid","Divorcios",2019,1155
"1563","47 Valladolid","Divorcios",2018,1032
"1564","47 Valladolid","Divorcios",2017,936
"1565","47 Valladolid","Divorcios",2016,953
"1566","47 Valladolid","Divorcios",2015,898
"1567","47 Valladolid","Divorcios",2014,962
"1568","47 Valladolid","Divorcios",2013,945
"1569","49 Zamora","Total",2020,210
"1570","49 Zamora","Total",2019,243
"1571","49 Zamora","Total",2018,247
"1572","49 Zamora","Total",2017,249
"1573","49 Zamora","Total",2016,250
"1574","49 Zamora","Total",2015,256
"1575","49 Zamora","Total",2014,279
"1576","49 Zamora","Total",2013,247
"1577","49 Zamora","Nulidades",2020,0
"1578","49 Zamora","Nulidades",2019,0
"1579","49 Zamora","Nulidades",2018,0
"1580","49 Zamora","Nulidades",2017,0
"1581","49 Zamora","Nulidades",2016,0
"1582","49 Zamora","Nulidades",2015,0
"1583","49 Zamora","Nulidades",2014,1
"1584","49 Zamora","Nulidades",2013,0
"1585","49 Zamora","Separaciones",2020,12
"1586","49 Zamora","Separaciones",2019,6
"1587","49 Zamora","Separaciones",2018,7
"1588","49 Zamora","Separaciones",2017,16
"1589","49 Zamora","Separaciones",2016,4
"1590","49 Zamora","Separaciones",2015,14
"1591","49 Zamora","Separaciones",2014,21
"1592","49 Zamora","Separaciones",2013,15
"1593","49 Zamora","Divorcios",2020,198
"1594","49 Zamora","Divorcios",2019,237
"1595","49 Zamora","Divorcios",2018,239
"1596","49 Zamora","Divorcios",2017,234
"1597","49 Zamora","Divorcios",2016,246
"1598","49 Zamora","Divorcios",2015,242
"1599","49 Zamora","Divorcios",2014,257
"1600","49 Zamora","Divorcios",2013,232
"1601","50 Zaragoza","Total",2020,1224
"1602","50 Zaragoza","Total",2019,1531
"1603","50 Zaragoza","Total",2018,2063
"1604","50 Zaragoza","Total",2017,1831
"1605","50 Zaragoza","Total",2016,1882
"1606","50 Zaragoza","Total",2015,2235
"1607","50 Zaragoza","Total",2014,1829
"1608","50 Zaragoza","Total",2013,1673
"1609","50 Zaragoza","Nulidades",2020,1
"1610","50 Zaragoza","Nulidades",2019,0
"1611","50 Zaragoza","Nulidades",2018,1
"1612","50 Zaragoza","Nulidades",2017,1
"1613","50 Zaragoza","Nulidades",2016,3
"1614","50 Zaragoza","Nulidades",2015,0
"1615","50 Zaragoza","Nulidades",2014,0
"1616","50 Zaragoza","Nulidades",2013,0
"1617","50 Zaragoza","Separaciones",2020,36
"1618","50 Zaragoza","Separaciones",2019,51
"1619","50 Zaragoza","Separaciones",2018,93
"1620","50 Zaragoza","Separaciones",2017,87
"1621","50 Zaragoza","Separaciones",2016,75
"1622","50 Zaragoza","Separaciones",2015,95
"1623","50 Zaragoza","Separaciones",2014,90
"1624","50 Zaragoza","Separaciones",2013,84
"1625","50 Zaragoza","Divorcios",2020,1187
"1626","50 Zaragoza","Divorcios",2019,1481
"1627","50 Zaragoza","Divorcios",2018,1969
"1628","50 Zaragoza","Divorcios",2017,1743
"1629","50 Zaragoza","Divorcios",2016,1804
"1630","50 Zaragoza","Divorcios",2015,2139
"1631","50 Zaragoza","Divorcios",2014,1739
"1632","50 Zaragoza","Divorcios",2013,1589
"1633","51 Ceuta","Total",2020,175
"1634","51 Ceuta","Total",2019,149
"1635","51 Ceuta","Total",2018,205
"1636","51 Ceuta","Total",2017,216
"1637","51 Ceuta","Total",2016,233
"1638","51 Ceuta","Total",2015,NA
"1639","51 Ceuta","Total",2014,236
"1640","51 Ceuta","Total",2013,233
"1641","51 Ceuta","Nulidades",2020,0
"1642","51 Ceuta","Nulidades",2019,0
"1643","51 Ceuta","Nulidades",2018,0
"1644","51 Ceuta","Nulidades",2017,0
"1645","51 Ceuta","Nulidades",2016,0
"1646","51 Ceuta","Nulidades",2015,NA
"1647","51 Ceuta","Nulidades",2014,0
"1648","51 Ceuta","Nulidades",2013,0
"1649","51 Ceuta","Separaciones",2020,5
"1650","51 Ceuta","Separaciones",2019,7
"1651","51 Ceuta","Separaciones",2018,6
"1652","51 Ceuta","Separaciones",2017,4
"1653","51 Ceuta","Separaciones",2016,18
"1654","51 Ceuta","Separaciones",2015,NA
"1655","51 Ceuta","Separaciones",2014,26
"1656","51 Ceuta","Separaciones",2013,14
"1657","51 Ceuta","Divorcios",2020,170
"1658","51 Ceuta","Divorcios",2019,141
"1659","51 Ceuta","Divorcios",2018,199
"1660","51 Ceuta","Divorcios",2017,212
"1661","51 Ceuta","Divorcios",2016,215
"1662","51 Ceuta","Divorcios",2015,NA
"1663","51 Ceuta","Divorcios",2014,210
"1664","51 Ceuta","Divorcios",2013,219
"1665","52 Melilla","Total",2020,133
"1666","52 Melilla","Total",2019,101
"1667","52 Melilla","Total",2018,173
"1668","52 Melilla","Total",2017,186
"1669","52 Melilla","Total",2016,177
"1670","52 Melilla","Total",2015,199
"1671","52 Melilla","Total",2014,201
"1672","52 Melilla","Total",2013,194
"1673","52 Melilla","Nulidades",2020,0
"1674","52 Melilla","Nulidades",2019,0
"1675","52 Melilla","Nulidades",2018,0
"1676","52 Melilla","Nulidades",2017,0
"1677","52 Melilla","Nulidades",2016,0
"1678","52 Melilla","Nulidades",2015,3
"1679","52 Melilla","Nulidades",2014,0
"1680","52 Melilla","Nulidades",2013,0
"1681","52 Melilla","Separaciones",2020,6
"1682","52 Melilla","Separaciones",2019,4
"1683","52 Melilla","Separaciones",2018,12
"1684","52 Melilla","Separaciones",2017,13
"1685","52 Melilla","Separaciones",2016,6
"1686","52 Melilla","Separaciones",2015,7
"1687","52 Melilla","Separaciones",2014,25
"1688","52 Melilla","Separaciones",2013,13
"1689","52 Melilla","Divorcios",2020,126
"1690","52 Melilla","Divorcios",2019,97
"1691","52 Melilla","Divorcios",2018,161
"1692","52 Melilla","Divorcios",2017,172
"1693","52 Melilla","Divorcios",2016,170
"1694","52 Melilla","Divorcios",2015,190
"1695","52 Melilla","Divorcios",2014,175
"1696","52 Melilla","Divorcios",2013,181
