Provincias;Tipo de disolución matrimonial;Periodo;Total
Total Nacional;Total;2020;80.015
Total Nacional;Total;2019;95.320
Total Nacional;Total;2018;99.444
Total Nacional;Total;2017;102.341
Total Nacional;Total;2016;101.294
Total Nacional;Total;2015;101.357
Total Nacional;Total;2014;105.893
Total Nacional;Total;2013;100.437
Total Nacional;Nulidades;2020;40
Total Nacional;Nulidades;2019;75
Total Nacional;Nulidades;2018;92
Total Nacional;Nulidades;2017;100
Total Nacional;Nulidades;2016;117
Total Nacional;Nulidades;2015;144
Total Nacional;Nulidades;2014;113
Total Nacional;Nulidades;2013;110
Total Nacional;Separaciones;2020;2.775
Total Nacional;Separaciones;2019;3.599
Total Nacional;Separaciones;2018;4.098
Total Nacional;Separaciones;2017;4.280
Total Nacional;Separaciones;2016;4.353
Total Nacional;Separaciones;2015;4.652
Total Nacional;Separaciones;2014;5.034
Total Nacional;Separaciones;2013;4.900
Total Nacional;Divorcios;2020;77.200
Total Nacional;Divorcios;2019;91.645
Total Nacional;Divorcios;2018;95.254
Total Nacional;Divorcios;2017;97.960
Total Nacional;Divorcios;2016;96.824
Total Nacional;Divorcios;2015;96.562
Total Nacional;Divorcios;2014;100.746
Total Nacional;Divorcios;2013;95.427
02 Albacete;Total;2020;398
02 Albacete;Total;2019;605
02 Albacete;Total;2018;664
02 Albacete;Total;2017;760
02 Albacete;Total;2016;754
02 Albacete;Total;2015;860
02 Albacete;Total;2014;681
02 Albacete;Total;2013;685
02 Albacete;Nulidades;2020;0
02 Albacete;Nulidades;2019;1
02 Albacete;Nulidades;2018;0
02 Albacete;Nulidades;2017;0
02 Albacete;Nulidades;2016;0
02 Albacete;Nulidades;2015;7
02 Albacete;Nulidades;2014;2
02 Albacete;Nulidades;2013;3
02 Albacete;Separaciones;2020;12
02 Albacete;Separaciones;2019;29
02 Albacete;Separaciones;2018;25
02 Albacete;Separaciones;2017;36
02 Albacete;Separaciones;2016;27
02 Albacete;Separaciones;2015;46
02 Albacete;Separaciones;2014;34
02 Albacete;Separaciones;2013;35
02 Albacete;Divorcios;2020;386
02 Albacete;Divorcios;2019;575
02 Albacete;Divorcios;2018;639
02 Albacete;Divorcios;2017;724
02 Albacete;Divorcios;2016;727
02 Albacete;Divorcios;2015;806
02 Albacete;Divorcios;2014;645
02 Albacete;Divorcios;2013;647
03 Alicante/Alacant;Total;2020;3.346
03 Alicante/Alacant;Total;2019;3.707
03 Alicante/Alacant;Total;2018;3.973
03 Alicante/Alacant;Total;2017;4.046
03 Alicante/Alacant;Total;2016;4.262
03 Alicante/Alacant;Total;2015;3.913
03 Alicante/Alacant;Total;2014;4.242
03 Alicante/Alacant;Total;2013;3.834
03 Alicante/Alacant;Nulidades;2020;2
03 Alicante/Alacant;Nulidades;2019;0
03 Alicante/Alacant;Nulidades;2018;7
03 Alicante/Alacant;Nulidades;2017;5
03 Alicante/Alacant;Nulidades;2016;3
03 Alicante/Alacant;Nulidades;2015;2
03 Alicante/Alacant;Nulidades;2014;2
03 Alicante/Alacant;Nulidades;2013;3
03 Alicante/Alacant;Separaciones;2020;139
03 Alicante/Alacant;Separaciones;2019;120
03 Alicante/Alacant;Separaciones;2018;197
03 Alicante/Alacant;Separaciones;2017;164
03 Alicante/Alacant;Separaciones;2016;182
03 Alicante/Alacant;Separaciones;2015;168
03 Alicante/Alacant;Separaciones;2014;171
03 Alicante/Alacant;Separaciones;2013;170
03 Alicante/Alacant;Divorcios;2020;3.205
03 Alicante/Alacant;Divorcios;2019;3.587
03 Alicante/Alacant;Divorcios;2018;3.769
03 Alicante/Alacant;Divorcios;2017;3.878
03 Alicante/Alacant;Divorcios;2016;4.076
03 Alicante/Alacant;Divorcios;2015;3.743
03 Alicante/Alacant;Divorcios;2014;4.069
03 Alicante/Alacant;Divorcios;2013;3.661
04 Almería;Total;2020;1.322
04 Almería;Total;2019;1.721
04 Almería;Total;2018;1.485
04 Almería;Total;2017;1.491
04 Almería;Total;2016;1.470
04 Almería;Total;2015;1.458
04 Almería;Total;2014;1.373
04 Almería;Total;2013;1.331
04 Almería;Nulidades;2020;2
04 Almería;Nulidades;2019;0
04 Almería;Nulidades;2018;2
04 Almería;Nulidades;2017;2
04 Almería;Nulidades;2016;1
04 Almería;Nulidades;2015;3
04 Almería;Nulidades;2014;0
04 Almería;Nulidades;2013;0
04 Almería;Separaciones;2020;32
04 Almería;Separaciones;2019;37
04 Almería;Separaciones;2018;27
04 Almería;Separaciones;2017;35
04 Almería;Separaciones;2016;43
04 Almería;Separaciones;2015;56
04 Almería;Separaciones;2014;58
04 Almería;Separaciones;2013;64
04 Almería;Divorcios;2020;1.288
04 Almería;Divorcios;2019;1.684
04 Almería;Divorcios;2018;1.456
04 Almería;Divorcios;2017;1.455
04 Almería;Divorcios;2016;1.426
04 Almería;Divorcios;2015;1.399
04 Almería;Divorcios;2014;1.316
04 Almería;Divorcios;2013;1.267
01 Araba/Álava;Total;2020;465
01 Araba/Álava;Total;2019;520
01 Araba/Álava;Total;2018;547
01 Araba/Álava;Total;2017;587
01 Araba/Álava;Total;2016;678
01 Araba/Álava;Total;2015;565
01 Araba/Álava;Total;2014;607
01 Araba/Álava;Total;2013;585
01 Araba/Álava;Nulidades;2020;0
01 Araba/Álava;Nulidades;2019;0
01 Araba/Álava;Nulidades;2018;0
01 Araba/Álava;Nulidades;2017;0
01 Araba/Álava;Nulidades;2016;0
01 Araba/Álava;Nulidades;2015;0
01 Araba/Álava;Nulidades;2014;0
01 Araba/Álava;Nulidades;2013;0
01 Araba/Álava;Separaciones;2020;10
01 Araba/Álava;Separaciones;2019;11
01 Araba/Álava;Separaciones;2018;25
01 Araba/Álava;Separaciones;2017;24
01 Araba/Álava;Separaciones;2016;23
01 Araba/Álava;Separaciones;2015;27
01 Araba/Álava;Separaciones;2014;40
01 Araba/Álava;Separaciones;2013;27
01 Araba/Álava;Divorcios;2020;455
01 Araba/Álava;Divorcios;2019;509
01 Araba/Álava;Divorcios;2018;522
01 Araba/Álava;Divorcios;2017;563
01 Araba/Álava;Divorcios;2016;655
01 Araba/Álava;Divorcios;2015;539
01 Araba/Álava;Divorcios;2014;567
01 Araba/Álava;Divorcios;2013;558
33 Asturias;Total;2020;1.784
33 Asturias;Total;2019;2.182
33 Asturias;Total;2018;2.186
33 Asturias;Total;2017;2.363
33 Asturias;Total;2016;2.408
33 Asturias;Total;2015;2.389
33 Asturias;Total;2014;2.607
33 Asturias;Total;2013;2.361
33 Asturias;Nulidades;2020;1
33 Asturias;Nulidades;2019;0
33 Asturias;Nulidades;2018;1
33 Asturias;Nulidades;2017;3
33 Asturias;Nulidades;2016;3
33 Asturias;Nulidades;2015;0
33 Asturias;Nulidades;2014;1
33 Asturias;Nulidades;2013;1
33 Asturias;Separaciones;2020;86
33 Asturias;Separaciones;2019;87
33 Asturias;Separaciones;2018;107
33 Asturias;Separaciones;2017;109
33 Asturias;Separaciones;2016;140
33 Asturias;Separaciones;2015;125
33 Asturias;Separaciones;2014;149
33 Asturias;Separaciones;2013;132
33 Asturias;Divorcios;2020;1.696
33 Asturias;Divorcios;2019;2.095
33 Asturias;Divorcios;2018;2.078
33 Asturias;Divorcios;2017;2.252
33 Asturias;Divorcios;2016;2.265
33 Asturias;Divorcios;2015;2.264
33 Asturias;Divorcios;2014;2.456
33 Asturias;Divorcios;2013;2.227
05 Ávila;Total;2020;154
05 Ávila;Total;2019;227
05 Ávila;Total;2018;243
05 Ávila;Total;2017;241
05 Ávila;Total;2016;222
05 Ávila;Total;2015;182
05 Ávila;Total;2014;218
05 Ávila;Total;2013;217
05 Ávila;Nulidades;2020;0
05 Ávila;Nulidades;2019;1
05 Ávila;Nulidades;2018;0
05 Ávila;Nulidades;2017;3
05 Ávila;Nulidades;2016;0
05 Ávila;Nulidades;2015;0
05 Ávila;Nulidades;2014;0
05 Ávila;Nulidades;2013;0
05 Ávila;Separaciones;2020;2
05 Ávila;Separaciones;2019;5
05 Ávila;Separaciones;2018;2
05 Ávila;Separaciones;2017;9
05 Ávila;Separaciones;2016;6
05 Ávila;Separaciones;2015;10
05 Ávila;Separaciones;2014;6
05 Ávila;Separaciones;2013;6
05 Ávila;Divorcios;2020;152
05 Ávila;Divorcios;2019;220
05 Ávila;Divorcios;2018;240
05 Ávila;Divorcios;2017;229
05 Ávila;Divorcios;2016;216
05 Ávila;Divorcios;2015;173
05 Ávila;Divorcios;2014;212
05 Ávila;Divorcios;2013;210
06 Badajoz;Total;2020;1.022
06 Badajoz;Total;2019;1.230
06 Badajoz;Total;2018;1.216
06 Badajoz;Total;2017;1.221
06 Badajoz;Total;2016;1.208
06 Badajoz;Total;2015;1.271
06 Badajoz;Total;2014;1.304
06 Badajoz;Total;2013;1.050
06 Badajoz;Nulidades;2020;0
06 Badajoz;Nulidades;2019;1
06 Badajoz;Nulidades;2018;0
06 Badajoz;Nulidades;2017;2
06 Badajoz;Nulidades;2016;1
06 Badajoz;Nulidades;2015;1
06 Badajoz;Nulidades;2014;0
06 Badajoz;Nulidades;2013;0
06 Badajoz;Separaciones;2020;61
06 Badajoz;Separaciones;2019;67
06 Badajoz;Separaciones;2018;102
06 Badajoz;Separaciones;2017;68
06 Badajoz;Separaciones;2016;64
06 Badajoz;Separaciones;2015;82
06 Badajoz;Separaciones;2014;84
06 Badajoz;Separaciones;2013;73
06 Badajoz;Divorcios;2020;960
06 Badajoz;Divorcios;2019;1.162
06 Badajoz;Divorcios;2018;1.114
06 Badajoz;Divorcios;2017;1.151
06 Badajoz;Divorcios;2016;1.143
06 Badajoz;Divorcios;2015;1.188
06 Badajoz;Divorcios;2014;1.220
06 Badajoz;Divorcios;2013;977
07 Balears, Illes;Total;2020;2.248
07 Balears, Illes;Total;2019;2.523
07 Balears, Illes;Total;2018;2.596
07 Balears, Illes;Total;2017;2.694
07 Balears, Illes;Total;2016;2.539
07 Balears, Illes;Total;2015;2.503
07 Balears, Illes;Total;2014;2.510
07 Balears, Illes;Total;2013;2.500
07 Balears, Illes;Nulidades;2020;0
07 Balears, Illes;Nulidades;2019;0
07 Balears, Illes;Nulidades;2018;4
07 Balears, Illes;Nulidades;2017;0
07 Balears, Illes;Nulidades;2016;2
07 Balears, Illes;Nulidades;2015;2
07 Balears, Illes;Nulidades;2014;2
07 Balears, Illes;Nulidades;2013;3
07 Balears, Illes;Separaciones;2020;99
07 Balears, Illes;Separaciones;2019;76
07 Balears, Illes;Separaciones;2018;94
07 Balears, Illes;Separaciones;2017;146
07 Balears, Illes;Separaciones;2016;154
07 Balears, Illes;Separaciones;2015;78
07 Balears, Illes;Separaciones;2014;117
07 Balears, Illes;Separaciones;2013;107
07 Balears, Illes;Divorcios;2020;2.149
07 Balears, Illes;Divorcios;2019;2.447
07 Balears, Illes;Divorcios;2018;2.498
07 Balears, Illes;Divorcios;2017;2.548
07 Balears, Illes;Divorcios;2016;2.383
07 Balears, Illes;Divorcios;2015;2.423
07 Balears, Illes;Divorcios;2014;2.391
07 Balears, Illes;Divorcios;2013;2.389
08 Barcelona;Total;2020;10.388
08 Barcelona;Total;2019;13.016
08 Barcelona;Total;2018;13.423
08 Barcelona;Total;2017;13.597
08 Barcelona;Total;2016;14.016
08 Barcelona;Total;2015;14.236
08 Barcelona;Total;2014;14.497
08 Barcelona;Total;2013;13.847
08 Barcelona;Nulidades;2020;8
08 Barcelona;Nulidades;2019;22
08 Barcelona;Nulidades;2018;22
08 Barcelona;Nulidades;2017;26
08 Barcelona;Nulidades;2016;62
08 Barcelona;Nulidades;2015;49
08 Barcelona;Nulidades;2014;18
08 Barcelona;Nulidades;2013;8
08 Barcelona;Separaciones;2020;303
08 Barcelona;Separaciones;2019;420
08 Barcelona;Separaciones;2018;487
08 Barcelona;Separaciones;2017;508
08 Barcelona;Separaciones;2016;469
08 Barcelona;Separaciones;2015;577
08 Barcelona;Separaciones;2014;662
08 Barcelona;Separaciones;2013;635
08 Barcelona;Divorcios;2020;10.077
08 Barcelona;Divorcios;2019;12.573
08 Barcelona;Divorcios;2018;12.914
08 Barcelona;Divorcios;2017;13.063
08 Barcelona;Divorcios;2016;13.485
08 Barcelona;Divorcios;2015;13.610
08 Barcelona;Divorcios;2014;13.818
08 Barcelona;Divorcios;2013;13.204
48 Bizkaia;Total;2020;2.003
48 Bizkaia;Total;2019;2.542
48 Bizkaia;Total;2018;2.245
48 Bizkaia;Total;2017;2.226
48 Bizkaia;Total;2016;2.133
48 Bizkaia;Total;2015;2.164
48 Bizkaia;Total;2014;2.133
48 Bizkaia;Total;2013;1.971
48 Bizkaia;Nulidades;2020;0
48 Bizkaia;Nulidades;2019;3
48 Bizkaia;Nulidades;2018;3
48 Bizkaia;Nulidades;2017;1
48 Bizkaia;Nulidades;2016;0
48 Bizkaia;Nulidades;2015;3
48 Bizkaia;Nulidades;2014;5
48 Bizkaia;Nulidades;2013;1
48 Bizkaia;Separaciones;2020;63
48 Bizkaia;Separaciones;2019;113
48 Bizkaia;Separaciones;2018;77
48 Bizkaia;Separaciones;2017;78
48 Bizkaia;Separaciones;2016;82
48 Bizkaia;Separaciones;2015;90
48 Bizkaia;Separaciones;2014;115
48 Bizkaia;Separaciones;2013;98
48 Bizkaia;Divorcios;2020;1.940
48 Bizkaia;Divorcios;2019;2.425
48 Bizkaia;Divorcios;2018;2.165
48 Bizkaia;Divorcios;2017;2.146
48 Bizkaia;Divorcios;2016;2.050
48 Bizkaia;Divorcios;2015;2.071
48 Bizkaia;Divorcios;2014;2.013
48 Bizkaia;Divorcios;2013;1.872
09 Burgos;Total;2020;437
09 Burgos;Total;2019;470
09 Burgos;Total;2018;568
09 Burgos;Total;2017;580
09 Burgos;Total;2016;564
09 Burgos;Total;2015;628
09 Burgos;Total;2014;626
09 Burgos;Total;2013;555
09 Burgos;Nulidades;2020;0
09 Burgos;Nulidades;2019;0
09 Burgos;Nulidades;2018;0
09 Burgos;Nulidades;2017;1
09 Burgos;Nulidades;2016;0
09 Burgos;Nulidades;2015;0
09 Burgos;Nulidades;2014;0
09 Burgos;Nulidades;2013;0
09 Burgos;Separaciones;2020;17
09 Burgos;Separaciones;2019;9
09 Burgos;Separaciones;2018;20
09 Burgos;Separaciones;2017;31
09 Burgos;Separaciones;2016;28
09 Burgos;Separaciones;2015;28
09 Burgos;Separaciones;2014;38
09 Burgos;Separaciones;2013;28
09 Burgos;Divorcios;2020;420
09 Burgos;Divorcios;2019;461
09 Burgos;Divorcios;2018;548
09 Burgos;Divorcios;2017;548
09 Burgos;Divorcios;2016;537
09 Burgos;Divorcios;2015;600
09 Burgos;Divorcios;2014;588
09 Burgos;Divorcios;2013;527
10 Cáceres;Total;2020;515
10 Cáceres;Total;2019;626
10 Cáceres;Total;2018;716
10 Cáceres;Total;2017;719
10 Cáceres;Total;2016;683
10 Cáceres;Total;2015;707
10 Cáceres;Total;2014;694
10 Cáceres;Total;2013;523
10 Cáceres;Nulidades;2020;0
10 Cáceres;Nulidades;2019;0
10 Cáceres;Nulidades;2018;0
10 Cáceres;Nulidades;2017;0
10 Cáceres;Nulidades;2016;0
10 Cáceres;Nulidades;2015;1
10 Cáceres;Nulidades;2014;0
10 Cáceres;Nulidades;2013;0
10 Cáceres;Separaciones;2020;37
10 Cáceres;Separaciones;2019;32
10 Cáceres;Separaciones;2018;35
10 Cáceres;Separaciones;2017;46
10 Cáceres;Separaciones;2016;39
10 Cáceres;Separaciones;2015;48
10 Cáceres;Separaciones;2014;47
10 Cáceres;Separaciones;2013;36
10 Cáceres;Divorcios;2020;478
10 Cáceres;Divorcios;2019;593
10 Cáceres;Divorcios;2018;681
10 Cáceres;Divorcios;2017;673
10 Cáceres;Divorcios;2016;644
10 Cáceres;Divorcios;2015;658
10 Cáceres;Divorcios;2014;647
10 Cáceres;Divorcios;2013;488
11 Cádiz;Total;2020;2.048
11 Cádiz;Total;2019;2.474
11 Cádiz;Total;2018;2.631
11 Cádiz;Total;2017;2.569
11 Cádiz;Total;2016;2.415
11 Cádiz;Total;2015;2.494
11 Cádiz;Total;2014;2.657
11 Cádiz;Total;2013;2.523
11 Cádiz;Nulidades;2020;0
11 Cádiz;Nulidades;2019;7
11 Cádiz;Nulidades;2018;9
11 Cádiz;Nulidades;2017;0
11 Cádiz;Nulidades;2016;0
11 Cádiz;Nulidades;2015;5
11 Cádiz;Nulidades;2014;9
11 Cádiz;Nulidades;2013;3
11 Cádiz;Separaciones;2020;91
11 Cádiz;Separaciones;2019;117
11 Cádiz;Separaciones;2018;132
11 Cádiz;Separaciones;2017;163
11 Cádiz;Separaciones;2016;139
11 Cádiz;Separaciones;2015;134
11 Cádiz;Separaciones;2014;162
11 Cádiz;Separaciones;2013;161
11 Cádiz;Divorcios;2020;1.956
11 Cádiz;Divorcios;2019;2.350
11 Cádiz;Divorcios;2018;2.490
11 Cádiz;Divorcios;2017;2.406
11 Cádiz;Divorcios;2016;2.276
11 Cádiz;Divorcios;2015;2.356
11 Cádiz;Divorcios;2014;2.486
11 Cádiz;Divorcios;2013;2.359
39 Cantabria;Total;2020;1.027
39 Cantabria;Total;2019;1.239
39 Cantabria;Total;2018;1.236
39 Cantabria;Total;2017;1.344
39 Cantabria;Total;2016;1.231
39 Cantabria;Total;2015;1.375
39 Cantabria;Total;2014;1.303
39 Cantabria;Total;2013;1.193
39 Cantabria;Nulidades;2020;0
39 Cantabria;Nulidades;2019;0
39 Cantabria;Nulidades;2018;0
39 Cantabria;Nulidades;2017;0
39 Cantabria;Nulidades;2016;0
39 Cantabria;Nulidades;2015;0
39 Cantabria;Nulidades;2014;0
39 Cantabria;Nulidades;2013;2
39 Cantabria;Separaciones;2020;37
39 Cantabria;Separaciones;2019;62
39 Cantabria;Separaciones;2018;55
39 Cantabria;Separaciones;2017;73
39 Cantabria;Separaciones;2016;57
39 Cantabria;Separaciones;2015;75
39 Cantabria;Separaciones;2014;68
39 Cantabria;Separaciones;2013;45
39 Cantabria;Divorcios;2020;990
39 Cantabria;Divorcios;2019;1.178
39 Cantabria;Divorcios;2018;1.181
39 Cantabria;Divorcios;2017;1.271
39 Cantabria;Divorcios;2016;1.174
39 Cantabria;Divorcios;2015;1.300
39 Cantabria;Divorcios;2014;1.235
39 Cantabria;Divorcios;2013;1.145
12 Castellón/Castelló;Total;2020;1.124
12 Castellón/Castelló;Total;2019;1.353
12 Castellón/Castelló;Total;2018;1.423
12 Castellón/Castelló;Total;2017;1.211
12 Castellón/Castelló;Total;2016;1.456
12 Castellón/Castelló;Total;2015;1.138
12 Castellón/Castelló;Total;2014;1.324
12 Castellón/Castelló;Total;2013;1.170
12 Castellón/Castelló;Nulidades;2020;0
12 Castellón/Castelló;Nulidades;2019;0
12 Castellón/Castelló;Nulidades;2018;0
12 Castellón/Castelló;Nulidades;2017;2
12 Castellón/Castelló;Nulidades;2016;1
12 Castellón/Castelló;Nulidades;2015;0
12 Castellón/Castelló;Nulidades;2014;0
12 Castellón/Castelló;Nulidades;2013;1
12 Castellón/Castelló;Separaciones;2020;24
12 Castellón/Castelló;Separaciones;2019;48
12 Castellón/Castelló;Separaciones;2018;55
12 Castellón/Castelló;Separaciones;2017;51
12 Castellón/Castelló;Separaciones;2016;53
12 Castellón/Castelló;Separaciones;2015;54
12 Castellón/Castelló;Separaciones;2014;55
12 Castellón/Castelló;Separaciones;2013;72
12 Castellón/Castelló;Divorcios;2020;1.099
12 Castellón/Castelló;Divorcios;2019;1.306
12 Castellón/Castelló;Divorcios;2018;1.368
12 Castellón/Castelló;Divorcios;2017;1.159
12 Castellón/Castelló;Divorcios;2016;1.402
12 Castellón/Castelló;Divorcios;2015;1.084
12 Castellón/Castelló;Divorcios;2014;1.269
12 Castellón/Castelló;Divorcios;2013;1.097
13 Ciudad Real;Total;2020;739
13 Ciudad Real;Total;2019;881
13 Ciudad Real;Total;2018;871
13 Ciudad Real;Total;2017;960
13 Ciudad Real;Total;2016;880
13 Ciudad Real;Total;2015;987
13 Ciudad Real;Total;2014;962
13 Ciudad Real;Total;2013;948
13 Ciudad Real;Nulidades;2020;0
13 Ciudad Real;Nulidades;2019;0
13 Ciudad Real;Nulidades;2018;0
13 Ciudad Real;Nulidades;2017;0
13 Ciudad Real;Nulidades;2016;0
13 Ciudad Real;Nulidades;2015;2
13 Ciudad Real;Nulidades;2014;0
13 Ciudad Real;Nulidades;2013;0
13 Ciudad Real;Separaciones;2020;28
13 Ciudad Real;Separaciones;2019;54
13 Ciudad Real;Separaciones;2018;55
13 Ciudad Real;Separaciones;2017;68
13 Ciudad Real;Separaciones;2016;67
13 Ciudad Real;Separaciones;2015;68
13 Ciudad Real;Separaciones;2014;81
13 Ciudad Real;Separaciones;2013;65
13 Ciudad Real;Divorcios;2020;711
13 Ciudad Real;Divorcios;2019;827
13 Ciudad Real;Divorcios;2018;816
13 Ciudad Real;Divorcios;2017;892
13 Ciudad Real;Divorcios;2016;814
13 Ciudad Real;Divorcios;2015;918
13 Ciudad Real;Divorcios;2014;881
13 Ciudad Real;Divorcios;2013;882
14 Córdoba;Total;2020;1.351
14 Córdoba;Total;2019;1.441
14 Córdoba;Total;2018;1.502
14 Córdoba;Total;2017;1.520
14 Córdoba;Total;2016;1.590
14 Córdoba;Total;2015;1.739
14 Córdoba;Total;2014;1.825
14 Córdoba;Total;2013;1.552
14 Córdoba;Nulidades;2020;0
14 Córdoba;Nulidades;2019;0
14 Córdoba;Nulidades;2018;1
14 Córdoba;Nulidades;2017;2
14 Córdoba;Nulidades;2016;1
14 Córdoba;Nulidades;2015;0
14 Córdoba;Nulidades;2014;0
14 Córdoba;Nulidades;2013;1
14 Córdoba;Separaciones;2020;55
14 Córdoba;Separaciones;2019;72
14 Córdoba;Separaciones;2018;95
14 Córdoba;Separaciones;2017;93
14 Córdoba;Separaciones;2016;115
14 Córdoba;Separaciones;2015;117
14 Córdoba;Separaciones;2014;113
14 Córdoba;Separaciones;2013;98
14 Córdoba;Divorcios;2020;1.296
14 Córdoba;Divorcios;2019;1.369
14 Córdoba;Divorcios;2018;1.406
14 Córdoba;Divorcios;2017;1.426
14 Córdoba;Divorcios;2016;1.473
14 Córdoba;Divorcios;2015;1.622
14 Córdoba;Divorcios;2014;1.712
14 Córdoba;Divorcios;2013;1.453
15 Coruña, A;Total;2020;1.538
15 Coruña, A;Total;2019;2.050
15 Coruña, A;Total;2018;2.325
15 Coruña, A;Total;2017;2.412
15 Coruña, A;Total;2016;2.406
15 Coruña, A;Total;2015;2.418
15 Coruña, A;Total;2014;2.533
15 Coruña, A;Total;2013;2.430
15 Coruña, A;Nulidades;2020;0
15 Coruña, A;Nulidades;2019;0
15 Coruña, A;Nulidades;2018;0
15 Coruña, A;Nulidades;2017;0
15 Coruña, A;Nulidades;2016;0
15 Coruña, A;Nulidades;2015;2
15 Coruña, A;Nulidades;2014;2
15 Coruña, A;Nulidades;2013;5
15 Coruña, A;Separaciones;2020;62
15 Coruña, A;Separaciones;2019;66
15 Coruña, A;Separaciones;2018;83
15 Coruña, A;Separaciones;2017;76
15 Coruña, A;Separaciones;2016;80
15 Coruña, A;Separaciones;2015;92
15 Coruña, A;Separaciones;2014;116
15 Coruña, A;Separaciones;2013;105
15 Coruña, A;Divorcios;2020;1.476
15 Coruña, A;Divorcios;2019;1.984
15 Coruña, A;Divorcios;2018;2.242
15 Coruña, A;Divorcios;2017;2.336
15 Coruña, A;Divorcios;2016;2.326
15 Coruña, A;Divorcios;2015;2.324
15 Coruña, A;Divorcios;2014;2.416
15 Coruña, A;Divorcios;2013;2.320
16 Cuenca;Total;2020;208
16 Cuenca;Total;2019;273
16 Cuenca;Total;2018;273
16 Cuenca;Total;2017;274
16 Cuenca;Total;2016;298
16 Cuenca;Total;2015;376
16 Cuenca;Total;2014;321
16 Cuenca;Total;2013;364
16 Cuenca;Nulidades;2020;0
16 Cuenca;Nulidades;2019;0
16 Cuenca;Nulidades;2018;0
16 Cuenca;Nulidades;2017;0
16 Cuenca;Nulidades;2016;0
16 Cuenca;Nulidades;2015;0
16 Cuenca;Nulidades;2014;0
16 Cuenca;Nulidades;2013;0
16 Cuenca;Separaciones;2020;2
16 Cuenca;Separaciones;2019;8
16 Cuenca;Separaciones;2018;5
16 Cuenca;Separaciones;2017;9
16 Cuenca;Separaciones;2016;11
16 Cuenca;Separaciones;2015;10
16 Cuenca;Separaciones;2014;4
16 Cuenca;Separaciones;2013;33
16 Cuenca;Divorcios;2020;205
16 Cuenca;Divorcios;2019;266
16 Cuenca;Divorcios;2018;268
16 Cuenca;Divorcios;2017;265
16 Cuenca;Divorcios;2016;286
16 Cuenca;Divorcios;2015;366
16 Cuenca;Divorcios;2014;316
16 Cuenca;Divorcios;2013;331
20 Gipuzkoa;Total;2020;986
20 Gipuzkoa;Total;2019;1.252
20 Gipuzkoa;Total;2018;1.223
20 Gipuzkoa;Total;2017;1.192
20 Gipuzkoa;Total;2016;1.196
20 Gipuzkoa;Total;2015;1.303
20 Gipuzkoa;Total;2014;1.341
20 Gipuzkoa;Total;2013;1.201
20 Gipuzkoa;Nulidades;2020;1
20 Gipuzkoa;Nulidades;2019;0
20 Gipuzkoa;Nulidades;2018;1
20 Gipuzkoa;Nulidades;2017;0
20 Gipuzkoa;Nulidades;2016;0
20 Gipuzkoa;Nulidades;2015;1
20 Gipuzkoa;Nulidades;2014;0
20 Gipuzkoa;Nulidades;2013;1
20 Gipuzkoa;Separaciones;2020;33
20 Gipuzkoa;Separaciones;2019;38
20 Gipuzkoa;Separaciones;2018;27
20 Gipuzkoa;Separaciones;2017;36
20 Gipuzkoa;Separaciones;2016;39
20 Gipuzkoa;Separaciones;2015;41
20 Gipuzkoa;Separaciones;2014;40
20 Gipuzkoa;Separaciones;2013;57
20 Gipuzkoa;Divorcios;2020;952
20 Gipuzkoa;Divorcios;2019;1.214
20 Gipuzkoa;Divorcios;2018;1.195
20 Gipuzkoa;Divorcios;2017;1.156
20 Gipuzkoa;Divorcios;2016;1.157
20 Gipuzkoa;Divorcios;2015;1.260
20 Gipuzkoa;Divorcios;2014;1.301
20 Gipuzkoa;Divorcios;2013;1.142
17 Girona;Total;2020;1.301
17 Girona;Total;2019;1.585
17 Girona;Total;2018;1.620
17 Girona;Total;2017;1.735
17 Girona;Total;2016;1.618
17 Girona;Total;2015;1.717
17 Girona;Total;2014;1.647
17 Girona;Total;2013;1.734
17 Girona;Nulidades;2020;2
17 Girona;Nulidades;2019;2
17 Girona;Nulidades;2018;0
17 Girona;Nulidades;2017;2
17 Girona;Nulidades;2016;0
17 Girona;Nulidades;2015;0
17 Girona;Nulidades;2014;1
17 Girona;Nulidades;2013;3
17 Girona;Separaciones;2020;41
17 Girona;Separaciones;2019;53
17 Girona;Separaciones;2018;28
17 Girona;Separaciones;2017;64
17 Girona;Separaciones;2016;58
17 Girona;Separaciones;2015;71
17 Girona;Separaciones;2014;74
17 Girona;Separaciones;2013;81
17 Girona;Divorcios;2020;1.258
17 Girona;Divorcios;2019;1.530
17 Girona;Divorcios;2018;1.593
17 Girona;Divorcios;2017;1.669
17 Girona;Divorcios;2016;1.560
17 Girona;Divorcios;2015;1.646
17 Girona;Divorcios;2014;1.572
17 Girona;Divorcios;2013;1.649
18 Granada;Total;2020;1.402
18 Granada;Total;2019;1.697
18 Granada;Total;2018;1.808
18 Granada;Total;2017;2.086
18 Granada;Total;2016;2.046
18 Granada;Total;2015;1.977
18 Granada;Total;2014;1.988
18 Granada;Total;2013;1.931
18 Granada;Nulidades;2020;0
18 Granada;Nulidades;2019;2
18 Granada;Nulidades;2018;2
18 Granada;Nulidades;2017;4
18 Granada;Nulidades;2016;2
18 Granada;Nulidades;2015;3
18 Granada;Nulidades;2014;2
18 Granada;Nulidades;2013;5
18 Granada;Separaciones;2020;69
18 Granada;Separaciones;2019;60
18 Granada;Separaciones;2018;121
18 Granada;Separaciones;2017;91
18 Granada;Separaciones;2016;107
18 Granada;Separaciones;2015;108
18 Granada;Separaciones;2014;138
18 Granada;Separaciones;2013;104
18 Granada;Divorcios;2020;1.334
18 Granada;Divorcios;2019;1.635
18 Granada;Divorcios;2018;1.685
18 Granada;Divorcios;2017;1.991
18 Granada;Divorcios;2016;1.938
18 Granada;Divorcios;2015;1.865
18 Granada;Divorcios;2014;1.849
18 Granada;Divorcios;2013;1.822
19 Guadalajara;Total;2020;670
19 Guadalajara;Total;2019;878
19 Guadalajara;Total;2018;773
19 Guadalajara;Total;2017;521
19 Guadalajara;Total;2016;560
19 Guadalajara;Total;2015;610
19 Guadalajara;Total;2014;530
19 Guadalajara;Total;2013;428
19 Guadalajara;Nulidades;2020;0
19 Guadalajara;Nulidades;2019;0
19 Guadalajara;Nulidades;2018;0
19 Guadalajara;Nulidades;2017;0
19 Guadalajara;Nulidades;2016;0
19 Guadalajara;Nulidades;2015;0
19 Guadalajara;Nulidades;2014;0
19 Guadalajara;Nulidades;2013;2
19 Guadalajara;Separaciones;2020;22
19 Guadalajara;Separaciones;2019;9
19 Guadalajara;Separaciones;2018;36
19 Guadalajara;Separaciones;2017;25
19 Guadalajara;Separaciones;2016;22
19 Guadalajara;Separaciones;2015;36
19 Guadalajara;Separaciones;2014;30
19 Guadalajara;Separaciones;2013;23
19 Guadalajara;Divorcios;2020;649
19 Guadalajara;Divorcios;2019;869
19 Guadalajara;Divorcios;2018;737
19 Guadalajara;Divorcios;2017;496
19 Guadalajara;Divorcios;2016;538
19 Guadalajara;Divorcios;2015;575
19 Guadalajara;Divorcios;2014;500
19 Guadalajara;Divorcios;2013;402
21 Huelva;Total;2020;851
21 Huelva;Total;2019;1.032
21 Huelva;Total;2018;1.014
21 Huelva;Total;2017;1.093
21 Huelva;Total;2016;1.108
21 Huelva;Total;2015;1.066
21 Huelva;Total;2014;1.201
21 Huelva;Total;2013;1.063
21 Huelva;Nulidades;2020;0
21 Huelva;Nulidades;2019;0
21 Huelva;Nulidades;2018;0
21 Huelva;Nulidades;2017;0
21 Huelva;Nulidades;2016;3
21 Huelva;Nulidades;2015;3
21 Huelva;Nulidades;2014;3
21 Huelva;Nulidades;2013;1
21 Huelva;Separaciones;2020;18
21 Huelva;Separaciones;2019;28
21 Huelva;Separaciones;2018;28
21 Huelva;Separaciones;2017;33
21 Huelva;Separaciones;2016;51
21 Huelva;Separaciones;2015;41
21 Huelva;Separaciones;2014;58
21 Huelva;Separaciones;2013;66
21 Huelva;Divorcios;2020;833
21 Huelva;Divorcios;2019;1.004
21 Huelva;Divorcios;2018;986
21 Huelva;Divorcios;2017;1.060
21 Huelva;Divorcios;2016;1.054
21 Huelva;Divorcios;2015;1.023
21 Huelva;Divorcios;2014;1.140
21 Huelva;Divorcios;2013;995
22 Huesca;Total;2020;292
22 Huesca;Total;2019;397
22 Huesca;Total;2018;412
22 Huesca;Total;2017;392
22 Huesca;Total;2016;375
22 Huesca;Total;2015;505
22 Huesca;Total;2014;458
22 Huesca;Total;2013;409
22 Huesca;Nulidades;2020;0
22 Huesca;Nulidades;2019;0
22 Huesca;Nulidades;2018;2
22 Huesca;Nulidades;2017;0
22 Huesca;Nulidades;2016;0
22 Huesca;Nulidades;2015;2
22 Huesca;Nulidades;2014;1
22 Huesca;Nulidades;2013;1
22 Huesca;Separaciones;2020;11
22 Huesca;Separaciones;2019;27
22 Huesca;Separaciones;2018;16
22 Huesca;Separaciones;2017;14
22 Huesca;Separaciones;2016;13
22 Huesca;Separaciones;2015;21
22 Huesca;Separaciones;2014;18
22 Huesca;Separaciones;2013;19
22 Huesca;Divorcios;2020;281
22 Huesca;Divorcios;2019;369
22 Huesca;Divorcios;2018;394
22 Huesca;Divorcios;2017;378
22 Huesca;Divorcios;2016;362
22 Huesca;Divorcios;2015;482
22 Huesca;Divorcios;2014;439
22 Huesca;Divorcios;2013;388
23 Jaén;Total;2020;925
23 Jaén;Total;2019;1.234
23 Jaén;Total;2018;1.195
23 Jaén;Total;2017;1.208
23 Jaén;Total;2016;1.195
23 Jaén;Total;2015;1.279
23 Jaén;Total;2014;1.256
23 Jaén;Total;2013;1.246
23 Jaén;Nulidades;2020;3
23 Jaén;Nulidades;2019;0
23 Jaén;Nulidades;2018;0
23 Jaén;Nulidades;2017;4
23 Jaén;Nulidades;2016;1
23 Jaén;Nulidades;2015;0
23 Jaén;Nulidades;2014;1
23 Jaén;Nulidades;2013;1
23 Jaén;Separaciones;2020;35
23 Jaén;Separaciones;2019;53
23 Jaén;Separaciones;2018;87
23 Jaén;Separaciones;2017;76
23 Jaén;Separaciones;2016;73
23 Jaén;Separaciones;2015;81
23 Jaén;Separaciones;2014;75
23 Jaén;Separaciones;2013;89
23 Jaén;Divorcios;2020;887
23 Jaén;Divorcios;2019;1.181
23 Jaén;Divorcios;2018;1.108
23 Jaén;Divorcios;2017;1.128
23 Jaén;Divorcios;2016;1.121
23 Jaén;Divorcios;2015;1.198
23 Jaén;Divorcios;2014;1.180
23 Jaén;Divorcios;2013;1.156
24 León;Total;2020;798
24 León;Total;2019;923
24 León;Total;2018;938
24 León;Total;2017;872
24 León;Total;2016;853
24 León;Total;2015;812
24 León;Total;2014;956
24 León;Total;2013;954
24 León;Nulidades;2020;0
24 León;Nulidades;2019;1
24 León;Nulidades;2018;0
24 León;Nulidades;2017;0
24 León;Nulidades;2016;0
24 León;Nulidades;2015;0
24 León;Nulidades;2014;0
24 León;Nulidades;2013;1
24 León;Separaciones;2020;42
24 León;Separaciones;2019;45
24 León;Separaciones;2018;45
24 León;Separaciones;2017;43
24 León;Separaciones;2016;37
24 León;Separaciones;2015;43
24 León;Separaciones;2014;52
24 León;Separaciones;2013;72
24 León;Divorcios;2020;756
24 León;Divorcios;2019;876
24 León;Divorcios;2018;892
24 León;Divorcios;2017;829
24 León;Divorcios;2016;816
24 León;Divorcios;2015;769
24 León;Divorcios;2014;903
24 León;Divorcios;2013;880
25 Lleida;Total;2020;789
25 Lleida;Total;2019;843
25 Lleida;Total;2018;817
25 Lleida;Total;2017;931
25 Lleida;Total;2016;942
25 Lleida;Total;2015;1.013
25 Lleida;Total;2014;1.435
25 Lleida;Total;2013;1.006
25 Lleida;Nulidades;2020;3
25 Lleida;Nulidades;2019;1
25 Lleida;Nulidades;2018;0
25 Lleida;Nulidades;2017;0
25 Lleida;Nulidades;2016;2
25 Lleida;Nulidades;2015;0
25 Lleida;Nulidades;2014;4
25 Lleida;Nulidades;2013;3
25 Lleida;Separaciones;2020;14
25 Lleida;Separaciones;2019;28
25 Lleida;Separaciones;2018;39
25 Lleida;Separaciones;2017;36
25 Lleida;Separaciones;2016;34
25 Lleida;Separaciones;2015;66
25 Lleida;Separaciones;2014;24
25 Lleida;Separaciones;2013;48
25 Lleida;Divorcios;2020;772
25 Lleida;Divorcios;2019;814
25 Lleida;Divorcios;2018;778
25 Lleida;Divorcios;2017;895
25 Lleida;Divorcios;2016;906
25 Lleida;Divorcios;2015;947
25 Lleida;Divorcios;2014;1.407
25 Lleida;Divorcios;2013;955
27 Lugo;Total;2020;408
27 Lugo;Total;2019;505
27 Lugo;Total;2018;446
27 Lugo;Total;2017;525
27 Lugo;Total;2016;512
27 Lugo;Total;2015;600
27 Lugo;Total;2014;580
27 Lugo;Total;2013;458
27 Lugo;Nulidades;2020;0
27 Lugo;Nulidades;2019;0
27 Lugo;Nulidades;2018;0
27 Lugo;Nulidades;2017;0
27 Lugo;Nulidades;2016;0
27 Lugo;Nulidades;2015;1
27 Lugo;Nulidades;2014;0
27 Lugo;Nulidades;2013;1
27 Lugo;Separaciones;2020;9
27 Lugo;Separaciones;2019;15
27 Lugo;Separaciones;2018;21
27 Lugo;Separaciones;2017;18
27 Lugo;Separaciones;2016;17
27 Lugo;Separaciones;2015;25
27 Lugo;Separaciones;2014;23
27 Lugo;Separaciones;2013;26
27 Lugo;Divorcios;2020;399
27 Lugo;Divorcios;2019;490
27 Lugo;Divorcios;2018;425
27 Lugo;Divorcios;2017;507
27 Lugo;Divorcios;2016;495
27 Lugo;Divorcios;2015;574
27 Lugo;Divorcios;2014;557
27 Lugo;Divorcios;2013;431
28 Madrid;Total;2020;10.421
28 Madrid;Total;2019;13.001
28 Madrid;Total;2018;13.451
28 Madrid;Total;2017;14.668
28 Madrid;Total;2016;13.809
28 Madrid;Total;2015;13.785
28 Madrid;Total;2014;15.256
28 Madrid;Total;2013;13.913
28 Madrid;Nulidades;2020;7
28 Madrid;Nulidades;2019;9
28 Madrid;Nulidades;2018;9
28 Madrid;Nulidades;2017;18
28 Madrid;Nulidades;2016;12
28 Madrid;Nulidades;2015;13
28 Madrid;Nulidades;2014;11
28 Madrid;Nulidades;2013;7
28 Madrid;Separaciones;2020;352
28 Madrid;Separaciones;2019;497
28 Madrid;Separaciones;2018;569
28 Madrid;Separaciones;2017;541
28 Madrid;Separaciones;2016;618
28 Madrid;Separaciones;2015;583
28 Madrid;Separaciones;2014;634
28 Madrid;Separaciones;2013;603
28 Madrid;Divorcios;2020;10.061
28 Madrid;Divorcios;2019;12.495
28 Madrid;Divorcios;2018;12.873
28 Madrid;Divorcios;2017;14.109
28 Madrid;Divorcios;2016;13.179
28 Madrid;Divorcios;2015;13.189
28 Madrid;Divorcios;2014;14.611
28 Madrid;Divorcios;2013;13.303
29 Málaga;Total;2020;3.152
29 Málaga;Total;2019;3.999
29 Málaga;Total;2018;3.855
29 Málaga;Total;2017;3.817
29 Málaga;Total;2016;3.833
29 Málaga;Total;2015;3.742
29 Málaga;Total;2014;3.782
29 Málaga;Total;2013;3.770
29 Málaga;Nulidades;2020;0
29 Málaga;Nulidades;2019;2
29 Málaga;Nulidades;2018;2
29 Málaga;Nulidades;2017;5
29 Málaga;Nulidades;2016;3
29 Málaga;Nulidades;2015;8
29 Málaga;Nulidades;2014;6
29 Málaga;Nulidades;2013;1
29 Málaga;Separaciones;2020;143
29 Málaga;Separaciones;2019;201
29 Málaga;Separaciones;2018;135
29 Málaga;Separaciones;2017;160
29 Málaga;Separaciones;2016;172
29 Málaga;Separaciones;2015;173
29 Málaga;Separaciones;2014;208
29 Málaga;Separaciones;2013;187
29 Málaga;Divorcios;2020;3.009
29 Málaga;Divorcios;2019;3.796
29 Málaga;Divorcios;2018;3.718
29 Málaga;Divorcios;2017;3.652
29 Málaga;Divorcios;2016;3.658
29 Málaga;Divorcios;2015;3.561
29 Málaga;Divorcios;2014;3.568
29 Málaga;Divorcios;2013;3.582
30 Murcia;Total;2020;2.602
30 Murcia;Total;2019;2.801
30 Murcia;Total;2018;3.061
30 Murcia;Total;2017;3.210
30 Murcia;Total;2016;3.057
30 Murcia;Total;2015;2.893
30 Murcia;Total;2014;3.103
30 Murcia;Total;2013;2.972
30 Murcia;Nulidades;2020;0
30 Murcia;Nulidades;2019;1
30 Murcia;Nulidades;2018;0
30 Murcia;Nulidades;2017;0
30 Murcia;Nulidades;2016;0
30 Murcia;Nulidades;2015;0
30 Murcia;Nulidades;2014;0
30 Murcia;Nulidades;2013;1
30 Murcia;Separaciones;2020;74
30 Murcia;Separaciones;2019;101
30 Murcia;Separaciones;2018;102
30 Murcia;Separaciones;2017;135
30 Murcia;Separaciones;2016;117
30 Murcia;Separaciones;2015;157
30 Murcia;Separaciones;2014;140
30 Murcia;Separaciones;2013;146
30 Murcia;Divorcios;2020;2.528
30 Murcia;Divorcios;2019;2.699
30 Murcia;Divorcios;2018;2.958
30 Murcia;Divorcios;2017;3.075
30 Murcia;Divorcios;2016;2.940
30 Murcia;Divorcios;2015;2.736
30 Murcia;Divorcios;2014;2.963
30 Murcia;Divorcios;2013;2.826
31 Navarra;Total;2020;1.076
31 Navarra;Total;2019;1.189
31 Navarra;Total;2018;1.283
31 Navarra;Total;2017;1.414
31 Navarra;Total;2016;1.222
31 Navarra;Total;2015;1.184
31 Navarra;Total;2014;1.327
31 Navarra;Total;2013;1.102
31 Navarra;Nulidades;2020;0
31 Navarra;Nulidades;2019;0
31 Navarra;Nulidades;2018;0
31 Navarra;Nulidades;2017;0
31 Navarra;Nulidades;2016;0
31 Navarra;Nulidades;2015;5
31 Navarra;Nulidades;2014;7
31 Navarra;Nulidades;2013;7
31 Navarra;Separaciones;2020;27
31 Navarra;Separaciones;2019;57
31 Navarra;Separaciones;2018;62
31 Navarra;Separaciones;2017;64
31 Navarra;Separaciones;2016;65
31 Navarra;Separaciones;2015;61
31 Navarra;Separaciones;2014;53
31 Navarra;Separaciones;2013;41
31 Navarra;Divorcios;2020;1.049
31 Navarra;Divorcios;2019;1.131
31 Navarra;Divorcios;2018;1.221
31 Navarra;Divorcios;2017;1.350
31 Navarra;Divorcios;2016;1.157
31 Navarra;Divorcios;2015;1.119
31 Navarra;Divorcios;2014;1.267
31 Navarra;Divorcios;2013;1.054
32 Ourense;Total;2020;509
32 Ourense;Total;2019;539
32 Ourense;Total;2018;491
32 Ourense;Total;2017;667
32 Ourense;Total;2016;673
32 Ourense;Total;2015;705
32 Ourense;Total;2014;686
32 Ourense;Total;2013;642
32 Ourense;Nulidades;2020;0
32 Ourense;Nulidades;2019;0
32 Ourense;Nulidades;2018;0
32 Ourense;Nulidades;2017;1
32 Ourense;Nulidades;2016;0
32 Ourense;Nulidades;2015;2
32 Ourense;Nulidades;2014;0
32 Ourense;Nulidades;2013;1
32 Ourense;Separaciones;2020;20
32 Ourense;Separaciones;2019;17
32 Ourense;Separaciones;2018;11
32 Ourense;Separaciones;2017;22
32 Ourense;Separaciones;2016;18
32 Ourense;Separaciones;2015;29
32 Ourense;Separaciones;2014;42
32 Ourense;Separaciones;2013;40
32 Ourense;Divorcios;2020;488
32 Ourense;Divorcios;2019;522
32 Ourense;Divorcios;2018;479
32 Ourense;Divorcios;2017;643
32 Ourense;Divorcios;2016;655
32 Ourense;Divorcios;2015;674
32 Ourense;Divorcios;2014;644
32 Ourense;Divorcios;2013;601
34 Palencia;Total;2020;242
34 Palencia;Total;2019;273
34 Palencia;Total;2018;243
34 Palencia;Total;2017;264
34 Palencia;Total;2016;263
34 Palencia;Total;2015;272
34 Palencia;Total;2014;271
34 Palencia;Total;2013;260
34 Palencia;Nulidades;2020;0
34 Palencia;Nulidades;2019;0
34 Palencia;Nulidades;2018;0
34 Palencia;Nulidades;2017;0
34 Palencia;Nulidades;2016;0
34 Palencia;Nulidades;2015;0
34 Palencia;Nulidades;2014;0
34 Palencia;Nulidades;2013;1
34 Palencia;Separaciones;2020;3
34 Palencia;Separaciones;2019;2
34 Palencia;Separaciones;2018;12
34 Palencia;Separaciones;2017;23
34 Palencia;Separaciones;2016;21
34 Palencia;Separaciones;2015;16
34 Palencia;Separaciones;2014;19
34 Palencia;Separaciones;2013;15
34 Palencia;Divorcios;2020;239
34 Palencia;Divorcios;2019;271
34 Palencia;Divorcios;2018;230
34 Palencia;Divorcios;2017;241
34 Palencia;Divorcios;2016;242
34 Palencia;Divorcios;2015;256
34 Palencia;Divorcios;2014;252
34 Palencia;Divorcios;2013;244
35 Palmas, Las;Total;2020;1.927
35 Palmas, Las;Total;2019;2.172
35 Palmas, Las;Total;2018;2.639
35 Palmas, Las;Total;2017;2.652
35 Palmas, Las;Total;2016;2.518
35 Palmas, Las;Total;2015;2.553
35 Palmas, Las;Total;2014;2.797
35 Palmas, Las;Total;2013;3.172
35 Palmas, Las;Nulidades;2020;2
35 Palmas, Las;Nulidades;2019;0
35 Palmas, Las;Nulidades;2018;0
35 Palmas, Las;Nulidades;2017;0
35 Palmas, Las;Nulidades;2016;0
35 Palmas, Las;Nulidades;2015;2
35 Palmas, Las;Nulidades;2014;0
35 Palmas, Las;Nulidades;2013;0
35 Palmas, Las;Separaciones;2020;62
35 Palmas, Las;Separaciones;2019;88
35 Palmas, Las;Separaciones;2018;80
35 Palmas, Las;Separaciones;2017;132
35 Palmas, Las;Separaciones;2016;98
35 Palmas, Las;Separaciones;2015;81
35 Palmas, Las;Separaciones;2014;127
35 Palmas, Las;Separaciones;2013;154
35 Palmas, Las;Divorcios;2020;1.862
35 Palmas, Las;Divorcios;2019;2.084
35 Palmas, Las;Divorcios;2018;2.558
35 Palmas, Las;Divorcios;2017;2.520
35 Palmas, Las;Divorcios;2016;2.420
35 Palmas, Las;Divorcios;2015;2.470
35 Palmas, Las;Divorcios;2014;2.670
35 Palmas, Las;Divorcios;2013;3.018
36 Pontevedra;Total;2020;1.504
36 Pontevedra;Total;2019;1.701
36 Pontevedra;Total;2018;1.906
36 Pontevedra;Total;2017;2.010
36 Pontevedra;Total;2016;1.935
36 Pontevedra;Total;2015;2.032
36 Pontevedra;Total;2014;2.149
36 Pontevedra;Total;2013;2.022
36 Pontevedra;Nulidades;2020;0
36 Pontevedra;Nulidades;2019;0
36 Pontevedra;Nulidades;2018;2
36 Pontevedra;Nulidades;2017;0
36 Pontevedra;Nulidades;2016;0
36 Pontevedra;Nulidades;2015;0
36 Pontevedra;Nulidades;2014;0
36 Pontevedra;Nulidades;2013;3
36 Pontevedra;Separaciones;2020;47
36 Pontevedra;Separaciones;2019;61
36 Pontevedra;Separaciones;2018;97
36 Pontevedra;Separaciones;2017;77
36 Pontevedra;Separaciones;2016;75
36 Pontevedra;Separaciones;2015;110
36 Pontevedra;Separaciones;2014;95
36 Pontevedra;Separaciones;2013;79
36 Pontevedra;Divorcios;2020;1.457
36 Pontevedra;Divorcios;2019;1.640
36 Pontevedra;Divorcios;2018;1.807
36 Pontevedra;Divorcios;2017;1.933
36 Pontevedra;Divorcios;2016;1.860
36 Pontevedra;Divorcios;2015;1.922
36 Pontevedra;Divorcios;2014;2.054
36 Pontevedra;Divorcios;2013;1.940
26 Rioja, La;Total;2020;580
26 Rioja, La;Total;2019;566
26 Rioja, La;Total;2018;623
26 Rioja, La;Total;2017;605
26 Rioja, La;Total;2016;662
26 Rioja, La;Total;2015;601
26 Rioja, La;Total;2014;731
26 Rioja, La;Total;2013;633
26 Rioja, La;Nulidades;2020;0
26 Rioja, La;Nulidades;2019;0
26 Rioja, La;Nulidades;2018;3
26 Rioja, La;Nulidades;2017;2
26 Rioja, La;Nulidades;2016;1
26 Rioja, La;Nulidades;2015;0
26 Rioja, La;Nulidades;2014;0
26 Rioja, La;Nulidades;2013;1
26 Rioja, La;Separaciones;2020;20
26 Rioja, La;Separaciones;2019;23
26 Rioja, La;Separaciones;2018;23
26 Rioja, La;Separaciones;2017;29
26 Rioja, La;Separaciones;2016;31
26 Rioja, La;Separaciones;2015;28
26 Rioja, La;Separaciones;2014;18
26 Rioja, La;Separaciones;2013;33
26 Rioja, La;Divorcios;2020;559
26 Rioja, La;Divorcios;2019;543
26 Rioja, La;Divorcios;2018;597
26 Rioja, La;Divorcios;2017;574
26 Rioja, La;Divorcios;2016;629
26 Rioja, La;Divorcios;2015;572
26 Rioja, La;Divorcios;2014;713
26 Rioja, La;Divorcios;2013;599
37 Salamanca;Total;2020;473
37 Salamanca;Total;2019;479
37 Salamanca;Total;2018;571
37 Salamanca;Total;2017;577
37 Salamanca;Total;2016;610
37 Salamanca;Total;2015;660
37 Salamanca;Total;2014;610
37 Salamanca;Total;2013;614
37 Salamanca;Nulidades;2020;0
37 Salamanca;Nulidades;2019;0
37 Salamanca;Nulidades;2018;0
37 Salamanca;Nulidades;2017;0
37 Salamanca;Nulidades;2016;1
37 Salamanca;Nulidades;2015;2
37 Salamanca;Nulidades;2014;0
37 Salamanca;Nulidades;2013;1
37 Salamanca;Separaciones;2020;27
37 Salamanca;Separaciones;2019;23
37 Salamanca;Separaciones;2018;23
37 Salamanca;Separaciones;2017;23
37 Salamanca;Separaciones;2016;22
37 Salamanca;Separaciones;2015;27
37 Salamanca;Separaciones;2014;37
37 Salamanca;Separaciones;2013;29
37 Salamanca;Divorcios;2020;446
37 Salamanca;Divorcios;2019;456
37 Salamanca;Divorcios;2018;549
37 Salamanca;Divorcios;2017;554
37 Salamanca;Divorcios;2016;587
37 Salamanca;Divorcios;2015;630
37 Salamanca;Divorcios;2014;573
37 Salamanca;Divorcios;2013;583
38 Santa Cruz de Tenerife;Total;2020;2.166
38 Santa Cruz de Tenerife;Total;2019;2.386
38 Santa Cruz de Tenerife;Total;2018;2.444
38 Santa Cruz de Tenerife;Total;2017;2.656
38 Santa Cruz de Tenerife;Total;2016;2.637
38 Santa Cruz de Tenerife;Total;2015;2.610
38 Santa Cruz de Tenerife;Total;2014;2.778
38 Santa Cruz de Tenerife;Total;2013;3.191
38 Santa Cruz de Tenerife;Nulidades;2020;0
38 Santa Cruz de Tenerife;Nulidades;2019;4
38 Santa Cruz de Tenerife;Nulidades;2018;3
38 Santa Cruz de Tenerife;Nulidades;2017;0
38 Santa Cruz de Tenerife;Nulidades;2016;0
38 Santa Cruz de Tenerife;Nulidades;2015;2
38 Santa Cruz de Tenerife;Nulidades;2014;1
38 Santa Cruz de Tenerife;Nulidades;2013;1
38 Santa Cruz de Tenerife;Separaciones;2020;33
38 Santa Cruz de Tenerife;Separaciones;2019;40
38 Santa Cruz de Tenerife;Separaciones;2018;40
38 Santa Cruz de Tenerife;Separaciones;2017;68
38 Santa Cruz de Tenerife;Separaciones;2016;82
38 Santa Cruz de Tenerife;Separaciones;2015;72
38 Santa Cruz de Tenerife;Separaciones;2014;63
38 Santa Cruz de Tenerife;Separaciones;2013;81
38 Santa Cruz de Tenerife;Divorcios;2020;2.133
38 Santa Cruz de Tenerife;Divorcios;2019;2.341
38 Santa Cruz de Tenerife;Divorcios;2018;2.401
38 Santa Cruz de Tenerife;Divorcios;2017;2.588
38 Santa Cruz de Tenerife;Divorcios;2016;2.555
38 Santa Cruz de Tenerife;Divorcios;2015;2.535
38 Santa Cruz de Tenerife;Divorcios;2014;2.713
38 Santa Cruz de Tenerife;Divorcios;2013;3.108
40 Segovia;Total;2020;201
40 Segovia;Total;2019;254
40 Segovia;Total;2018;244
40 Segovia;Total;2017;211
40 Segovia;Total;2016;236
40 Segovia;Total;2015;213
40 Segovia;Total;2014;239
40 Segovia;Total;2013;205
40 Segovia;Nulidades;2020;0
40 Segovia;Nulidades;2019;0
40 Segovia;Nulidades;2018;0
40 Segovia;Nulidades;2017;0
40 Segovia;Nulidades;2016;0
40 Segovia;Nulidades;2015;0
40 Segovia;Nulidades;2014;0
40 Segovia;Nulidades;2013;0
40 Segovia;Separaciones;2020;5
40 Segovia;Separaciones;2019;9
40 Segovia;Separaciones;2018;4
40 Segovia;Separaciones;2017;9
40 Segovia;Separaciones;2016;11
40 Segovia;Separaciones;2015;6
40 Segovia;Separaciones;2014;8
40 Segovia;Separaciones;2013;7
40 Segovia;Divorcios;2020;196
40 Segovia;Divorcios;2019;245
40 Segovia;Divorcios;2018;240
40 Segovia;Divorcios;2017;202
40 Segovia;Divorcios;2016;225
40 Segovia;Divorcios;2015;207
40 Segovia;Divorcios;2014;231
40 Segovia;Divorcios;2013;197
41 Sevilla;Total;2020;3.516
41 Sevilla;Total;2019;4.224
41 Sevilla;Total;2018;4.283
41 Sevilla;Total;2017;4.511
41 Sevilla;Total;2016;4.229
41 Sevilla;Total;2015;4.204
41 Sevilla;Total;2014;4.365
41 Sevilla;Total;2013;4.061
41 Sevilla;Nulidades;2020;0
41 Sevilla;Nulidades;2019;2
41 Sevilla;Nulidades;2018;0
41 Sevilla;Nulidades;2017;3
41 Sevilla;Nulidades;2016;1
41 Sevilla;Nulidades;2015;7
41 Sevilla;Nulidades;2014;17
41 Sevilla;Nulidades;2013;16
41 Sevilla;Separaciones;2020;125
41 Sevilla;Separaciones;2019;163
41 Sevilla;Separaciones;2018;198
41 Sevilla;Separaciones;2017;189
41 Sevilla;Separaciones;2016;204
41 Sevilla;Separaciones;2015;189
41 Sevilla;Separaciones;2014;221
41 Sevilla;Separaciones;2013;206
41 Sevilla;Divorcios;2020;3.390
41 Sevilla;Divorcios;2019;4.060
41 Sevilla;Divorcios;2018;4.085
41 Sevilla;Divorcios;2017;4.319
41 Sevilla;Divorcios;2016;4.024
41 Sevilla;Divorcios;2015;4.008
41 Sevilla;Divorcios;2014;4.127
41 Sevilla;Divorcios;2013;3.839
42 Soria;Total;2020;88
42 Soria;Total;2019;95
42 Soria;Total;2018;94
42 Soria;Total;2017;99
42 Soria;Total;2016;106
42 Soria;Total;2015;101
42 Soria;Total;2014;167
42 Soria;Total;2013;126
42 Soria;Nulidades;2020;0
42 Soria;Nulidades;2019;0
42 Soria;Nulidades;2018;0
42 Soria;Nulidades;2017;0
42 Soria;Nulidades;2016;0
42 Soria;Nulidades;2015;0
42 Soria;Nulidades;2014;0
42 Soria;Nulidades;2013;0
42 Soria;Separaciones;2020;17
42 Soria;Separaciones;2019;4
42 Soria;Separaciones;2018;18
42 Soria;Separaciones;2017;4
42 Soria;Separaciones;2016;6
42 Soria;Separaciones;2015;11
42 Soria;Separaciones;2014;8
42 Soria;Separaciones;2013;5
42 Soria;Divorcios;2020;72
42 Soria;Divorcios;2019;91
42 Soria;Divorcios;2018;76
42 Soria;Divorcios;2017;95
42 Soria;Divorcios;2016;100
42 Soria;Divorcios;2015;90
42 Soria;Divorcios;2014;159
42 Soria;Divorcios;2013;121
43 Tarragona;Total;2020;1.468
43 Tarragona;Total;2019;1.260
43 Tarragona;Total;2018;1.844
43 Tarragona;Total;2017;1.957
43 Tarragona;Total;2016;2.056
43 Tarragona;Total;2015;1.932
43 Tarragona;Total;2014;2.012
43 Tarragona;Total;2013;1.997
43 Tarragona;Nulidades;2020;1
43 Tarragona;Nulidades;2019;2
43 Tarragona;Nulidades;2018;5
43 Tarragona;Nulidades;2017;4
43 Tarragona;Nulidades;2016;1
43 Tarragona;Nulidades;2015;3
43 Tarragona;Nulidades;2014;10
43 Tarragona;Nulidades;2013;5
43 Tarragona;Separaciones;2020;31
43 Tarragona;Separaciones;2019;47
43 Tarragona;Separaciones;2018;74
43 Tarragona;Separaciones;2017;49
43 Tarragona;Separaciones;2016;73
43 Tarragona;Separaciones;2015;70
43 Tarragona;Separaciones;2014;59
43 Tarragona;Separaciones;2013;86
43 Tarragona;Divorcios;2020;1.436
43 Tarragona;Divorcios;2019;1.211
43 Tarragona;Divorcios;2018;1.765
43 Tarragona;Divorcios;2017;1.905
43 Tarragona;Divorcios;2016;1.981
43 Tarragona;Divorcios;2015;1.859
43 Tarragona;Divorcios;2014;1.944
43 Tarragona;Divorcios;2013;1.906
44 Teruel;Total;2020;150
44 Teruel;Total;2019;196
44 Teruel;Total;2018;188
44 Teruel;Total;2017;166
44 Teruel;Total;2016;230
44 Teruel;Total;2015;244
44 Teruel;Total;2014;211
44 Teruel;Total;2013;177
44 Teruel;Nulidades;2020;0
44 Teruel;Nulidades;2019;0
44 Teruel;Nulidades;2018;0
44 Teruel;Nulidades;2017;0
44 Teruel;Nulidades;2016;0
44 Teruel;Nulidades;2015;0
44 Teruel;Nulidades;2014;1
44 Teruel;Nulidades;2013;0
44 Teruel;Separaciones;2020;8
44 Teruel;Separaciones;2019;5
44 Teruel;Separaciones;2018;13
44 Teruel;Separaciones;2017;1
44 Teruel;Separaciones;2016;7
44 Teruel;Separaciones;2015;13
44 Teruel;Separaciones;2014;5
44 Teruel;Separaciones;2013;6
44 Teruel;Divorcios;2020;142
44 Teruel;Divorcios;2019;191
44 Teruel;Divorcios;2018;175
44 Teruel;Divorcios;2017;165
44 Teruel;Divorcios;2016;223
44 Teruel;Divorcios;2015;232
44 Teruel;Divorcios;2014;205
44 Teruel;Divorcios;2013;172
45 Toledo;Total;2020;1.342
45 Toledo;Total;2019;1.322
45 Toledo;Total;2018;1.391
45 Toledo;Total;2017;1.413
45 Toledo;Total;2016;1.312
45 Toledo;Total;2015;1.349
45 Toledo;Total;2014;1.221
45 Toledo;Total;2013;1.112
45 Toledo;Nulidades;2020;5
45 Toledo;Nulidades;2019;0
45 Toledo;Nulidades;2018;0
45 Toledo;Nulidades;2017;3
45 Toledo;Nulidades;2016;3
45 Toledo;Nulidades;2015;2
45 Toledo;Nulidades;2014;0
45 Toledo;Nulidades;2013;0
45 Toledo;Separaciones;2020;24
45 Toledo;Separaciones;2019;62
45 Toledo;Separaciones;2018;56
45 Toledo;Separaciones;2017;57
45 Toledo;Separaciones;2016;40
45 Toledo;Separaciones;2015;73
45 Toledo;Separaciones;2014;66
45 Toledo;Separaciones;2013;60
45 Toledo;Divorcios;2020;1.314
45 Toledo;Divorcios;2019;1.260
45 Toledo;Divorcios;2018;1.335
45 Toledo;Divorcios;2017;1.353
45 Toledo;Divorcios;2016;1.269
45 Toledo;Divorcios;2015;1.274
45 Toledo;Divorcios;2014;1.155
45 Toledo;Divorcios;2013;1.052
46 Valencia/València;Total;2020;5.292
46 Valencia/València;Total;2019;6.210
46 Valencia/València;Total;2018;6.698
46 Valencia/València;Total;2017;6.607
46 Valencia/València;Total;2016;6.746
46 Valencia/València;Total;2015;6.363
46 Valencia/València;Total;2014;6.822
46 Valencia/València;Total;2013;7.056
46 Valencia/València;Nulidades;2020;2
46 Valencia/València;Nulidades;2019;8
46 Valencia/València;Nulidades;2018;12
46 Valencia/València;Nulidades;2017;7
46 Valencia/València;Nulidades;2016;7
46 Valencia/València;Nulidades;2015;8
46 Valencia/València;Nulidades;2014;5
46 Valencia/València;Nulidades;2013;5
46 Valencia/València;Separaciones;2020;214
46 Valencia/València;Separaciones;2019;295
46 Valencia/València;Separaciones;2018;290
46 Valencia/València;Separaciones;2017;309
46 Valencia/València;Separaciones;2016;314
46 Valencia/València;Separaciones;2015;377
46 Valencia/València;Separaciones;2014;366
46 Valencia/València;Separaciones;2013;371
46 Valencia/València;Divorcios;2020;5.076
46 Valencia/València;Divorcios;2019;5.906
46 Valencia/València;Divorcios;2018;6.395
46 Valencia/València;Divorcios;2017;6.291
46 Valencia/València;Divorcios;2016;6.425
46 Valencia/València;Divorcios;2015;5.978
46 Valencia/València;Divorcios;2014;6.451
46 Valencia/València;Divorcios;2013;6.681
47 Valladolid;Total;2020;1.029
47 Valladolid;Total;2019;1.204
47 Valladolid;Total;2018;1.082
47 Valladolid;Total;2017;984
47 Valladolid;Total;2016;999
47 Valladolid;Total;2015;939
47 Valladolid;Total;2014;1.012
47 Valladolid;Total;2013;996
47 Valladolid;Nulidades;2020;0
47 Valladolid;Nulidades;2019;3
47 Valladolid;Nulidades;2018;0
47 Valladolid;Nulidades;2017;0
47 Valladolid;Nulidades;2016;0
47 Valladolid;Nulidades;2015;0
47 Valladolid;Nulidades;2014;0
47 Valladolid;Nulidades;2013;1
47 Valladolid;Separaciones;2020;28
47 Valladolid;Separaciones;2019;46
47 Valladolid;Separaciones;2018;49
47 Valladolid;Separaciones;2017;49
47 Valladolid;Separaciones;2016;46
47 Valladolid;Separaciones;2015;41
47 Valladolid;Separaciones;2014;50
47 Valladolid;Separaciones;2013;50
47 Valladolid;Divorcios;2020;1.000
47 Valladolid;Divorcios;2019;1.155
47 Valladolid;Divorcios;2018;1.032
47 Valladolid;Divorcios;2017;936
47 Valladolid;Divorcios;2016;953
47 Valladolid;Divorcios;2015;898
47 Valladolid;Divorcios;2014;962
47 Valladolid;Divorcios;2013;945
49 Zamora;Total;2020;210
49 Zamora;Total;2019;243
49 Zamora;Total;2018;247
49 Zamora;Total;2017;249
49 Zamora;Total;2016;250
49 Zamora;Total;2015;256
49 Zamora;Total;2014;279
49 Zamora;Total;2013;247
49 Zamora;Nulidades;2020;0
49 Zamora;Nulidades;2019;0
49 Zamora;Nulidades;2018;0
49 Zamora;Nulidades;2017;0
49 Zamora;Nulidades;2016;0
49 Zamora;Nulidades;2015;0
49 Zamora;Nulidades;2014;1
49 Zamora;Nulidades;2013;0
49 Zamora;Separaciones;2020;12
49 Zamora;Separaciones;2019;6
49 Zamora;Separaciones;2018;7
49 Zamora;Separaciones;2017;16
49 Zamora;Separaciones;2016;4
49 Zamora;Separaciones;2015;14
49 Zamora;Separaciones;2014;21
49 Zamora;Separaciones;2013;15
49 Zamora;Divorcios;2020;198
49 Zamora;Divorcios;2019;237
49 Zamora;Divorcios;2018;239
49 Zamora;Divorcios;2017;234
49 Zamora;Divorcios;2016;246
49 Zamora;Divorcios;2015;242
49 Zamora;Divorcios;2014;257
49 Zamora;Divorcios;2013;232
50 Zaragoza;Total;2020;1.224
50 Zaragoza;Total;2019;1.531
50 Zaragoza;Total;2018;2.063
50 Zaragoza;Total;2017;1.831
50 Zaragoza;Total;2016;1.882
50 Zaragoza;Total;2015;2.235
50 Zaragoza;Total;2014;1.829
50 Zaragoza;Total;2013;1.673
50 Zaragoza;Nulidades;2020;1
50 Zaragoza;Nulidades;2019;0
50 Zaragoza;Nulidades;2018;1
50 Zaragoza;Nulidades;2017;1
50 Zaragoza;Nulidades;2016;3
50 Zaragoza;Nulidades;2015;0
50 Zaragoza;Nulidades;2014;0
50 Zaragoza;Nulidades;2013;0
50 Zaragoza;Separaciones;2020;36
50 Zaragoza;Separaciones;2019;51
50 Zaragoza;Separaciones;2018;93
50 Zaragoza;Separaciones;2017;87
50 Zaragoza;Separaciones;2016;75
50 Zaragoza;Separaciones;2015;95
50 Zaragoza;Separaciones;2014;90
50 Zaragoza;Separaciones;2013;84
50 Zaragoza;Divorcios;2020;1.187
50 Zaragoza;Divorcios;2019;1.481
50 Zaragoza;Divorcios;2018;1.969
50 Zaragoza;Divorcios;2017;1.743
50 Zaragoza;Divorcios;2016;1.804
50 Zaragoza;Divorcios;2015;2.139
50 Zaragoza;Divorcios;2014;1.739
50 Zaragoza;Divorcios;2013;1.589
51 Ceuta;Total;2020;175
51 Ceuta;Total;2019;149
51 Ceuta;Total;2018;205
51 Ceuta;Total;2017;216
51 Ceuta;Total;2016;233
51 Ceuta;Total;2015;..
51 Ceuta;Total;2014;236
51 Ceuta;Total;2013;233
51 Ceuta;Nulidades;2020;0
51 Ceuta;Nulidades;2019;0
51 Ceuta;Nulidades;2018;0
51 Ceuta;Nulidades;2017;0
51 Ceuta;Nulidades;2016;0
51 Ceuta;Nulidades;2015;..
51 Ceuta;Nulidades;2014;0
51 Ceuta;Nulidades;2013;0
51 Ceuta;Separaciones;2020;5
51 Ceuta;Separaciones;2019;7
51 Ceuta;Separaciones;2018;6
51 Ceuta;Separaciones;2017;4
51 Ceuta;Separaciones;2016;18
51 Ceuta;Separaciones;2015;..
51 Ceuta;Separaciones;2014;26
51 Ceuta;Separaciones;2013;14
51 Ceuta;Divorcios;2020;170
51 Ceuta;Divorcios;2019;141
51 Ceuta;Divorcios;2018;199
51 Ceuta;Divorcios;2017;212
51 Ceuta;Divorcios;2016;215
51 Ceuta;Divorcios;2015;..
51 Ceuta;Divorcios;2014;210
51 Ceuta;Divorcios;2013;219
52 Melilla;Total;2020;133
52 Melilla;Total;2019;101
52 Melilla;Total;2018;173
52 Melilla;Total;2017;186
52 Melilla;Total;2016;177
52 Melilla;Total;2015;199
52 Melilla;Total;2014;201
52 Melilla;Total;2013;194
52 Melilla;Nulidades;2020;0
52 Melilla;Nulidades;2019;0
52 Melilla;Nulidades;2018;0
52 Melilla;Nulidades;2017;0
52 Melilla;Nulidades;2016;0
52 Melilla;Nulidades;2015;3
52 Melilla;Nulidades;2014;0
52 Melilla;Nulidades;2013;0
52 Melilla;Separaciones;2020;6
52 Melilla;Separaciones;2019;4
52 Melilla;Separaciones;2018;12
52 Melilla;Separaciones;2017;13
52 Melilla;Separaciones;2016;6
52 Melilla;Separaciones;2015;7
52 Melilla;Separaciones;2014;25
52 Melilla;Separaciones;2013;13
52 Melilla;Divorcios;2020;126
52 Melilla;Divorcios;2019;97
52 Melilla;Divorcios;2018;161
52 Melilla;Divorcios;2017;172
52 Melilla;Divorcios;2016;170
52 Melilla;Divorcios;2015;190
52 Melilla;Divorcios;2014;175
52 Melilla;Divorcios;2013;181
